OrderID,ProductID,UnitPrice,Quantity,Discount
10248.00,11.00,14.00,12.00,0.00
10248.00,42.00,9.80,10.00,0.00
10248.00,72.00,34.80,5.00,0.00
10249.00,14.00,18.60,9.00,0.00
10249.00,51.00,42.40,40.00,0.00
10250.00,41.00,7.70,10.00,0.00
10250.00,51.00,42.40,35.00,0.15
10250.00,65.00,16.80,15.00,0.15
10251.00,22.00,16.80,6.00,0.05
10251.00,57.00,15.60,15.00,0.05
10251.00,65.00,16.80,20.00,0.00
10252.00,20.00,64.80,40.00,0.05
10252.00,33.00,2.00,25.00,0.05
10252.00,60.00,27.20,40.00,0.00
10253.00,31.00,10.00,20.00,0.00
10253.00,39.00,14.40,42.00,0.00
10253.00,49.00,16.00,40.00,0.00
10254.00,24.00,3.60,15.00,0.15
10254.00,55.00,19.20,21.00,0.15
10254.00,74.00,8.00,21.00,0.00
10255.00,2.00,15.20,20.00,0.00
10255.00,16.00,13.90,35.00,0.00
10255.00,36.00,15.20,25.00,0.00
10255.00,59.00,44.00,30.00,0.00
10256.00,53.00,26.20,15.00,0.00
10256.00,77.00,10.40,12.00,0.00
10257.00,27.00,35.10,25.00,0.00
10257.00,39.00,14.40,6.00,0.00
10257.00,77.00,10.40,15.00,0.00
10258.00,2.00,15.20,50.00,0.20
10258.00,5.00,17.00,65.00,0.20
10258.00,32.00,25.60,6.00,0.20
10259.00,21.00,8.00,10.00,0.00
10259.00,37.00,20.80,1.00,0.00
10260.00,41.00,7.70,16.00,0.25
10260.00,57.00,15.60,50.00,0.00
10260.00,62.00,39.40,15.00,0.25
10260.00,70.00,12.00,21.00,0.25
10261.00,21.00,8.00,20.00,0.00
10261.00,35.00,14.40,20.00,0.00
10262.00,5.00,17.00,12.00,0.20
10262.00,7.00,24.00,15.00,0.00
10262.00,56.00,30.40,2.00,0.00
10263.00,16.00,13.90,60.00,0.25
10263.00,24.00,3.60,28.00,0.00
10263.00,30.00,20.70,60.00,0.25
10263.00,74.00,8.00,36.00,0.25
10264.00,2.00,15.20,35.00,0.00
10264.00,41.00,7.70,25.00,0.15
10265.00,17.00,31.20,30.00,0.00
10265.00,70.00,12.00,20.00,0.00
10266.00,12.00,30.40,12.00,0.05
10267.00,40.00,14.70,50.00,0.00
10267.00,59.00,44.00,70.00,0.15
10267.00,76.00,14.40,15.00,0.15
10268.00,29.00,99.00,10.00,0.00
10268.00,72.00,27.80,4.00,0.00
10269.00,33.00,2.00,60.00,0.05
10269.00,72.00,27.80,20.00,0.05
10270.00,36.00,15.20,30.00,0.00
10270.00,43.00,36.80,25.00,0.00
10271.00,33.00,2.00,24.00,0.00
10272.00,20.00,64.80,6.00,0.00
10272.00,31.00,10.00,40.00,0.00
10272.00,72.00,27.80,24.00,0.00
10273.00,10.00,24.80,24.00,0.05
10273.00,31.00,10.00,15.00,0.05
10273.00,33.00,2.00,20.00,0.00
10273.00,40.00,14.70,60.00,0.05
10273.00,76.00,14.40,33.00,0.05
10274.00,71.00,17.20,20.00,0.00
10274.00,72.00,27.80,7.00,0.00
10275.00,24.00,3.60,12.00,0.05
10275.00,59.00,44.00,6.00,0.05
10276.00,10.00,24.80,15.00,0.00
10276.00,13.00,4.80,10.00,0.00
10277.00,28.00,36.40,20.00,0.00
10277.00,62.00,39.40,12.00,0.00
10278.00,44.00,15.50,16.00,0.00
10278.00,59.00,44.00,15.00,0.00
10278.00,63.00,35.10,8.00,0.00
10278.00,73.00,12.00,25.00,0.00
10279.00,17.00,31.20,15.00,0.25
10280.00,24.00,3.60,12.00,0.00
10280.00,55.00,19.20,20.00,0.00
10280.00,75.00,6.20,30.00,0.00
10281.00,19.00,7.30,1.00,0.00
10281.00,24.00,3.60,6.00,0.00
10281.00,35.00,14.40,4.00,0.00
10282.00,30.00,20.70,6.00,0.00
10282.00,57.00,15.60,2.00,0.00
10283.00,15.00,12.40,20.00,0.00
10283.00,19.00,7.30,18.00,0.00
10283.00,60.00,27.20,35.00,0.00
10283.00,72.00,27.80,3.00,0.00
10284.00,27.00,35.10,15.00,0.25
10284.00,44.00,15.50,21.00,0.00
10284.00,60.00,27.20,20.00,0.25
10284.00,67.00,11.20,5.00,0.25
10285.00,1.00,14.40,45.00,0.20
10285.00,40.00,14.70,40.00,0.20
10285.00,53.00,26.20,36.00,0.20
10286.00,35.00,14.40,100.00,0.00
10286.00,62.00,39.40,40.00,0.00
10287.00,16.00,13.90,40.00,0.15
10287.00,34.00,11.20,20.00,0.00
10287.00,46.00,9.60,15.00,0.15
10288.00,54.00,5.90,10.00,0.10
10288.00,68.00,10.00,3.00,0.10
10289.00,3.00,8.00,30.00,0.00
10289.00,64.00,26.60,9.00,0.00
10290.00,5.00,17.00,20.00,0.00
10290.00,29.00,99.00,15.00,0.00
10290.00,49.00,16.00,15.00,0.00
10290.00,77.00,10.40,10.00,0.00
10291.00,13.00,4.80,20.00,0.10
10291.00,44.00,15.50,24.00,0.10
10291.00,51.00,42.40,2.00,0.10
10292.00,20.00,64.80,20.00,0.00
10293.00,18.00,50.00,12.00,0.00
10293.00,24.00,3.60,10.00,0.00
10293.00,63.00,35.10,5.00,0.00
10293.00,75.00,6.20,6.00,0.00
10294.00,1.00,14.40,18.00,0.00
10294.00,17.00,31.20,15.00,0.00
10294.00,43.00,36.80,15.00,0.00
10294.00,60.00,27.20,21.00,0.00
10294.00,75.00,6.20,6.00,0.00
10295.00,56.00,30.40,4.00,0.00
10296.00,11.00,16.80,12.00,0.00
10296.00,16.00,13.90,30.00,0.00
10296.00,69.00,28.80,15.00,0.00
10297.00,39.00,14.40,60.00,0.00
10297.00,72.00,27.80,20.00,0.00
10298.00,2.00,15.20,40.00,0.00
10298.00,36.00,15.20,40.00,0.25
10298.00,59.00,44.00,30.00,0.25
10298.00,62.00,39.40,15.00,0.00
10299.00,19.00,7.30,15.00,0.00
10299.00,70.00,12.00,20.00,0.00
10300.00,66.00,13.60,30.00,0.00
10300.00,68.00,10.00,20.00,0.00
10301.00,40.00,14.70,10.00,0.00
10301.00,56.00,30.40,20.00,0.00
10302.00,17.00,31.20,40.00,0.00
10302.00,28.00,36.40,28.00,0.00
10302.00,43.00,36.80,12.00,0.00
10303.00,40.00,14.70,40.00,0.10
10303.00,65.00,16.80,30.00,0.10
10303.00,68.00,10.00,15.00,0.10
10304.00,49.00,16.00,30.00,0.00
10304.00,59.00,44.00,10.00,0.00
10304.00,71.00,17.20,2.00,0.00
10305.00,18.00,50.00,25.00,0.10
10305.00,29.00,99.00,25.00,0.10
10305.00,39.00,14.40,30.00,0.10
10306.00,30.00,20.70,10.00,0.00
10306.00,53.00,26.20,10.00,0.00
10306.00,54.00,5.90,5.00,0.00
10307.00,62.00,39.40,10.00,0.00
10307.00,68.00,10.00,3.00,0.00
10308.00,69.00,28.80,1.00,0.00
10308.00,70.00,12.00,5.00,0.00
10309.00,4.00,17.60,20.00,0.00
10309.00,6.00,20.00,30.00,0.00
10309.00,42.00,11.20,2.00,0.00
10309.00,43.00,36.80,20.00,0.00
10309.00,71.00,17.20,3.00,0.00
10310.00,16.00,13.90,10.00,0.00
10310.00,62.00,39.40,5.00,0.00
10311.00,42.00,11.20,6.00,0.00
10311.00,69.00,28.80,7.00,0.00
10312.00,28.00,36.40,4.00,0.00
10312.00,43.00,36.80,24.00,0.00
10312.00,53.00,26.20,20.00,0.00
10312.00,75.00,6.20,10.00,0.00
10313.00,36.00,15.20,12.00,0.00
10314.00,32.00,25.60,40.00,0.10
10314.00,58.00,10.60,30.00,0.10
10314.00,62.00,39.40,25.00,0.10
10315.00,34.00,11.20,14.00,0.00
10315.00,70.00,12.00,30.00,0.00
10316.00,41.00,7.70,10.00,0.00
10316.00,62.00,39.40,70.00,0.00
10317.00,1.00,14.40,20.00,0.00
10318.00,41.00,7.70,20.00,0.00
10318.00,76.00,14.40,6.00,0.00
10319.00,17.00,31.20,8.00,0.00
10319.00,28.00,36.40,14.00,0.00
10319.00,76.00,14.40,30.00,0.00
10320.00,71.00,17.20,30.00,0.00
10321.00,35.00,14.40,10.00,0.00
10322.00,52.00,5.60,20.00,0.00
10323.00,15.00,12.40,5.00,0.00
10323.00,25.00,11.20,4.00,0.00
10323.00,39.00,14.40,4.00,0.00
10324.00,16.00,13.90,21.00,0.15
10324.00,35.00,14.40,70.00,0.15
10324.00,46.00,9.60,30.00,0.00
10324.00,59.00,44.00,40.00,0.15
10324.00,63.00,35.10,80.00,0.15
10325.00,6.00,20.00,6.00,0.00
10325.00,13.00,4.80,12.00,0.00
10325.00,14.00,18.60,9.00,0.00
10325.00,31.00,10.00,4.00,0.00
10325.00,72.00,27.80,40.00,0.00
10326.00,4.00,17.60,24.00,0.00
10326.00,57.00,15.60,16.00,0.00
10326.00,75.00,6.20,50.00,0.00
10327.00,2.00,15.20,25.00,0.20
10327.00,11.00,16.80,50.00,0.20
10327.00,30.00,20.70,35.00,0.20
10327.00,58.00,10.60,30.00,0.20
10328.00,59.00,44.00,9.00,0.00
10328.00,65.00,16.80,40.00,0.00
10328.00,68.00,10.00,10.00,0.00
10329.00,19.00,7.30,10.00,0.05
10329.00,30.00,20.70,8.00,0.05
10329.00,38.00,210.80,20.00,0.05
10329.00,56.00,30.40,12.00,0.05
10330.00,26.00,24.90,50.00,0.15
10330.00,72.00,27.80,25.00,0.15
10331.00,54.00,5.90,15.00,0.00
10332.00,18.00,50.00,40.00,0.20
10332.00,42.00,11.20,10.00,0.20
10332.00,47.00,7.60,16.00,0.20
10333.00,14.00,18.60,10.00,0.00
10333.00,21.00,8.00,10.00,0.10
10333.00,71.00,17.20,40.00,0.10
10334.00,52.00,5.60,8.00,0.00
10334.00,68.00,10.00,10.00,0.00
10335.00,2.00,15.20,7.00,0.20
10335.00,31.00,10.00,25.00,0.20
10335.00,32.00,25.60,6.00,0.20
10335.00,51.00,42.40,48.00,0.20
10336.00,4.00,17.60,18.00,0.10
10337.00,23.00,7.20,40.00,0.00
10337.00,26.00,24.90,24.00,0.00
10337.00,36.00,15.20,20.00,0.00
10337.00,37.00,20.80,28.00,0.00
10337.00,72.00,27.80,25.00,0.00
10338.00,17.00,31.20,20.00,0.00
10338.00,30.00,20.70,15.00,0.00
10339.00,4.00,17.60,10.00,0.00
10339.00,17.00,31.20,70.00,0.05
10339.00,62.00,39.40,28.00,0.00
10340.00,18.00,50.00,20.00,0.05
10340.00,41.00,7.70,12.00,0.05
10340.00,43.00,36.80,40.00,0.05
10341.00,33.00,2.00,8.00,0.00
10341.00,59.00,44.00,9.00,0.15
10342.00,2.00,15.20,24.00,0.20
10342.00,31.00,10.00,56.00,0.20
10342.00,36.00,15.20,40.00,0.20
10342.00,55.00,19.20,40.00,0.20
10343.00,64.00,26.60,50.00,0.00
10343.00,68.00,10.00,4.00,0.05
10343.00,76.00,14.40,15.00,0.00
10344.00,4.00,17.60,35.00,0.00
10344.00,8.00,32.00,70.00,0.25
10345.00,8.00,32.00,70.00,0.00
10345.00,19.00,7.30,80.00,0.00
10345.00,42.00,11.20,9.00,0.00
10346.00,17.00,31.20,36.00,0.10
10346.00,56.00,30.40,20.00,0.00
10347.00,25.00,11.20,10.00,0.00
10347.00,39.00,14.40,50.00,0.15
10347.00,40.00,14.70,4.00,0.00
10347.00,75.00,6.20,6.00,0.15
10348.00,1.00,14.40,15.00,0.15
10348.00,23.00,7.20,25.00,0.00
10349.00,54.00,5.90,24.00,0.00
10350.00,50.00,13.00,15.00,0.10
10350.00,69.00,28.80,18.00,0.10
10351.00,38.00,210.80,20.00,0.05
10351.00,41.00,7.70,13.00,0.00
10351.00,44.00,15.50,77.00,0.05
10351.00,65.00,16.80,10.00,0.05
10352.00,24.00,3.60,10.00,0.00
10352.00,54.00,5.90,20.00,0.15
10353.00,11.00,16.80,12.00,0.20
10353.00,38.00,210.80,50.00,0.20
10354.00,1.00,14.40,12.00,0.00
10354.00,29.00,99.00,4.00,0.00
10355.00,24.00,3.60,25.00,0.00
10355.00,57.00,15.60,25.00,0.00
10356.00,31.00,10.00,30.00,0.00
10356.00,55.00,19.20,12.00,0.00
10356.00,69.00,28.80,20.00,0.00
10357.00,10.00,24.80,30.00,0.20
10357.00,26.00,24.90,16.00,0.00
10357.00,60.00,27.20,8.00,0.20
10358.00,24.00,3.60,10.00,0.05
10358.00,34.00,11.20,10.00,0.05
10358.00,36.00,15.20,20.00,0.05
10359.00,16.00,13.90,56.00,0.05
10359.00,31.00,10.00,70.00,0.05
10359.00,60.00,27.20,80.00,0.05
10360.00,28.00,36.40,30.00,0.00
10360.00,29.00,99.00,35.00,0.00
10360.00,38.00,210.80,10.00,0.00
10360.00,49.00,16.00,35.00,0.00
10360.00,54.00,5.90,28.00,0.00
10361.00,39.00,14.40,54.00,0.10
10361.00,60.00,27.20,55.00,0.10
10362.00,25.00,11.20,50.00,0.00
10362.00,51.00,42.40,20.00,0.00
10362.00,54.00,5.90,24.00,0.00
10363.00,31.00,10.00,20.00,0.00
10363.00,75.00,6.20,12.00,0.00
10363.00,76.00,14.40,12.00,0.00
10364.00,69.00,28.80,30.00,0.00
10364.00,71.00,17.20,5.00,0.00
10365.00,11.00,16.80,24.00,0.00
10366.00,65.00,16.80,5.00,0.00
10366.00,77.00,10.40,5.00,0.00
10367.00,34.00,11.20,36.00,0.00
10367.00,54.00,5.90,18.00,0.00
10367.00,65.00,16.80,15.00,0.00
10367.00,77.00,10.40,7.00,0.00
10368.00,21.00,8.00,5.00,0.10
10368.00,28.00,36.40,13.00,0.10
10368.00,57.00,15.60,25.00,0.00
10368.00,64.00,26.60,35.00,0.10
10369.00,29.00,99.00,20.00,0.00
10369.00,56.00,30.40,18.00,0.25
10370.00,1.00,14.40,15.00,0.15
10370.00,64.00,26.60,30.00,0.00
10370.00,74.00,8.00,20.00,0.15
10371.00,36.00,15.20,6.00,0.20
10372.00,20.00,64.80,12.00,0.25
10372.00,38.00,210.80,40.00,0.25
10372.00,60.00,27.20,70.00,0.25
10372.00,72.00,27.80,42.00,0.25
10373.00,58.00,10.60,80.00,0.20
10373.00,71.00,17.20,50.00,0.20
10374.00,31.00,10.00,30.00,0.00
10374.00,58.00,10.60,15.00,0.00
10375.00,14.00,18.60,15.00,0.00
10375.00,54.00,5.90,10.00,0.00
10376.00,31.00,10.00,42.00,0.05
10377.00,28.00,36.40,20.00,0.15
10377.00,39.00,14.40,20.00,0.15
10378.00,71.00,17.20,6.00,0.00
10379.00,41.00,7.70,8.00,0.10
10379.00,63.00,35.10,16.00,0.10
10379.00,65.00,16.80,20.00,0.10
10380.00,30.00,20.70,18.00,0.10
10380.00,53.00,26.20,20.00,0.10
10380.00,60.00,27.20,6.00,0.10
10380.00,70.00,12.00,30.00,0.00
10381.00,74.00,8.00,14.00,0.00
10382.00,5.00,17.00,32.00,0.00
10382.00,18.00,50.00,9.00,0.00
10382.00,29.00,99.00,14.00,0.00
10382.00,33.00,2.00,60.00,0.00
10382.00,74.00,8.00,50.00,0.00
10383.00,13.00,4.80,20.00,0.00
10383.00,50.00,13.00,15.00,0.00
10383.00,56.00,30.40,20.00,0.00
10384.00,20.00,64.80,28.00,0.00
10384.00,60.00,27.20,15.00,0.00
10385.00,7.00,24.00,10.00,0.20
10385.00,60.00,27.20,20.00,0.20
10385.00,68.00,10.00,8.00,0.20
10386.00,24.00,3.60,15.00,0.00
10386.00,34.00,11.20,10.00,0.00
10387.00,24.00,3.60,15.00,0.00
10387.00,28.00,36.40,6.00,0.00
10387.00,59.00,44.00,12.00,0.00
10387.00,71.00,17.20,15.00,0.00
10388.00,45.00,7.60,15.00,0.20
10388.00,52.00,5.60,20.00,0.20
10388.00,53.00,26.20,40.00,0.00
10389.00,10.00,24.80,16.00,0.00
10389.00,55.00,19.20,15.00,0.00
10389.00,62.00,39.40,20.00,0.00
10389.00,70.00,12.00,30.00,0.00
10390.00,31.00,10.00,60.00,0.10
10390.00,35.00,14.40,40.00,0.10
10390.00,46.00,9.60,45.00,0.00
10390.00,72.00,27.80,24.00,0.10
10391.00,13.00,4.80,18.00,0.00
10392.00,69.00,28.80,50.00,0.00
10393.00,2.00,15.20,25.00,0.25
10393.00,14.00,18.60,42.00,0.25
10393.00,25.00,11.20,7.00,0.25
10393.00,26.00,24.90,70.00,0.25
10393.00,31.00,10.00,32.00,0.00
10394.00,13.00,4.80,10.00,0.00
10394.00,62.00,39.40,10.00,0.00
10395.00,46.00,9.60,28.00,0.10
10395.00,53.00,26.20,70.00,0.10
10395.00,69.00,28.80,8.00,0.00
10396.00,23.00,7.20,40.00,0.00
10396.00,71.00,17.20,60.00,0.00
10396.00,72.00,27.80,21.00,0.00
10397.00,21.00,8.00,10.00,0.15
10397.00,51.00,42.40,18.00,0.15
10398.00,35.00,14.40,30.00,0.00
10398.00,55.00,19.20,120.00,0.10
10399.00,68.00,10.00,60.00,0.00
10399.00,71.00,17.20,30.00,0.00
10399.00,76.00,14.40,35.00,0.00
10399.00,77.00,10.40,14.00,0.00
10400.00,29.00,99.00,21.00,0.00
10400.00,35.00,14.40,35.00,0.00
10400.00,49.00,16.00,30.00,0.00
10401.00,30.00,20.70,18.00,0.00
10401.00,56.00,30.40,70.00,0.00
10401.00,65.00,16.80,20.00,0.00
10401.00,71.00,17.20,60.00,0.00
10402.00,23.00,7.20,60.00,0.00
10402.00,63.00,35.10,65.00,0.00
10403.00,16.00,13.90,21.00,0.15
10403.00,48.00,10.20,70.00,0.15
10404.00,26.00,24.90,30.00,0.05
10404.00,42.00,11.20,40.00,0.05
10404.00,49.00,16.00,30.00,0.05
10405.00,3.00,8.00,50.00,0.00
10406.00,1.00,14.40,10.00,0.00
10406.00,21.00,8.00,30.00,0.10
10406.00,28.00,36.40,42.00,0.10
10406.00,36.00,15.20,5.00,0.10
10406.00,40.00,14.70,2.00,0.10
10407.00,11.00,16.80,30.00,0.00
10407.00,69.00,28.80,15.00,0.00
10407.00,71.00,17.20,15.00,0.00
10408.00,37.00,20.80,10.00,0.00
10408.00,54.00,5.90,6.00,0.00
10408.00,62.00,39.40,35.00,0.00
10409.00,14.00,18.60,12.00,0.00
10409.00,21.00,8.00,12.00,0.00
10410.00,33.00,2.00,49.00,0.00
10410.00,59.00,44.00,16.00,0.00
10411.00,41.00,7.70,25.00,0.20
10411.00,44.00,15.50,40.00,0.20
10411.00,59.00,44.00,9.00,0.20
10412.00,14.00,18.60,20.00,0.10
10413.00,1.00,14.40,24.00,0.00
10413.00,62.00,39.40,40.00,0.00
10413.00,76.00,14.40,14.00,0.00
10414.00,19.00,7.30,18.00,0.05
10414.00,33.00,2.00,50.00,0.00
10415.00,17.00,31.20,2.00,0.00
10415.00,33.00,2.00,20.00,0.00
10416.00,19.00,7.30,20.00,0.00
10416.00,53.00,26.20,10.00,0.00
10416.00,57.00,15.60,20.00,0.00
10417.00,38.00,210.80,50.00,0.00
10417.00,46.00,9.60,2.00,0.25
10417.00,68.00,10.00,36.00,0.25
10417.00,77.00,10.40,35.00,0.00
10418.00,2.00,15.20,60.00,0.00
10418.00,47.00,7.60,55.00,0.00
10418.00,61.00,22.80,16.00,0.00
10418.00,74.00,8.00,15.00,0.00
10419.00,60.00,27.20,60.00,0.05
10419.00,69.00,28.80,20.00,0.05
10420.00,9.00,77.60,20.00,0.10
10420.00,13.00,4.80,2.00,0.10
10420.00,70.00,12.00,8.00,0.10
10420.00,73.00,12.00,20.00,0.10
10421.00,19.00,7.30,4.00,0.15
10421.00,26.00,24.90,30.00,0.00
10421.00,53.00,26.20,15.00,0.15
10421.00,77.00,10.40,10.00,0.15
10422.00,26.00,24.90,2.00,0.00
10423.00,31.00,10.00,14.00,0.00
10423.00,59.00,44.00,20.00,0.00
10424.00,35.00,14.40,60.00,0.20
10424.00,38.00,210.80,49.00,0.20
10424.00,68.00,10.00,30.00,0.20
10425.00,55.00,19.20,10.00,0.25
10425.00,76.00,14.40,20.00,0.25
10426.00,56.00,30.40,5.00,0.00
10426.00,64.00,26.60,7.00,0.00
10427.00,14.00,18.60,35.00,0.00
10428.00,46.00,9.60,20.00,0.00
10429.00,50.00,13.00,40.00,0.00
10429.00,63.00,35.10,35.00,0.25
10430.00,17.00,31.20,45.00,0.20
10430.00,21.00,8.00,50.00,0.00
10430.00,56.00,30.40,30.00,0.00
10430.00,59.00,44.00,70.00,0.20
10431.00,17.00,31.20,50.00,0.25
10431.00,40.00,14.70,50.00,0.25
10431.00,47.00,7.60,30.00,0.25
10432.00,26.00,24.90,10.00,0.00
10432.00,54.00,5.90,40.00,0.00
10433.00,56.00,30.40,28.00,0.00
10434.00,11.00,16.80,6.00,0.00
10434.00,76.00,14.40,18.00,0.15
10435.00,2.00,15.20,10.00,0.00
10435.00,22.00,16.80,12.00,0.00
10435.00,72.00,27.80,10.00,0.00
10436.00,46.00,9.60,5.00,0.00
10436.00,56.00,30.40,40.00,0.10
10436.00,64.00,26.60,30.00,0.10
10436.00,75.00,6.20,24.00,0.10
10437.00,53.00,26.20,15.00,0.00
10438.00,19.00,7.30,15.00,0.20
10438.00,34.00,11.20,20.00,0.20
10438.00,57.00,15.60,15.00,0.20
10439.00,12.00,30.40,15.00,0.00
10439.00,16.00,13.90,16.00,0.00
10439.00,64.00,26.60,6.00,0.00
10439.00,74.00,8.00,30.00,0.00
10440.00,2.00,15.20,45.00,0.15
10440.00,16.00,13.90,49.00,0.15
10440.00,29.00,99.00,24.00,0.15
10440.00,61.00,22.80,90.00,0.15
10441.00,27.00,35.10,50.00,0.00
10442.00,11.00,16.80,30.00,0.00
10442.00,54.00,5.90,80.00,0.00
10442.00,66.00,13.60,60.00,0.00
10443.00,11.00,16.80,6.00,0.20
10443.00,28.00,36.40,12.00,0.00
10444.00,17.00,31.20,10.00,0.00
10444.00,26.00,24.90,15.00,0.00
10444.00,35.00,14.40,8.00,0.00
10444.00,41.00,7.70,30.00,0.00
10445.00,39.00,14.40,6.00,0.00
10445.00,54.00,5.90,15.00,0.00
10446.00,19.00,7.30,12.00,0.10
10446.00,24.00,3.60,20.00,0.10
10446.00,31.00,10.00,3.00,0.10
10446.00,52.00,5.60,15.00,0.10
10447.00,19.00,7.30,40.00,0.00
10447.00,65.00,16.80,35.00,0.00
10447.00,71.00,17.20,2.00,0.00
10448.00,26.00,24.90,6.00,0.00
10448.00,40.00,14.70,20.00,0.00
10449.00,10.00,24.80,14.00,0.00
10449.00,52.00,5.60,20.00,0.00
10449.00,62.00,39.40,35.00,0.00
10450.00,10.00,24.80,20.00,0.20
10450.00,54.00,5.90,6.00,0.20
10451.00,55.00,19.20,120.00,0.10
10451.00,64.00,26.60,35.00,0.10
10451.00,65.00,16.80,28.00,0.10
10451.00,77.00,10.40,55.00,0.10
10452.00,28.00,36.40,15.00,0.00
10452.00,44.00,15.50,100.00,0.05
10453.00,48.00,10.20,15.00,0.10
10453.00,70.00,12.00,25.00,0.10
10454.00,16.00,13.90,20.00,0.20
10454.00,33.00,2.00,20.00,0.20
10454.00,46.00,9.60,10.00,0.20
10455.00,39.00,14.40,20.00,0.00
10455.00,53.00,26.20,50.00,0.00
10455.00,61.00,22.80,25.00,0.00
10455.00,71.00,17.20,30.00,0.00
10456.00,21.00,8.00,40.00,0.15
10456.00,49.00,16.00,21.00,0.15
10457.00,59.00,44.00,36.00,0.00
10458.00,26.00,24.90,30.00,0.00
10458.00,28.00,36.40,30.00,0.00
10458.00,43.00,36.80,20.00,0.00
10458.00,56.00,30.40,15.00,0.00
10458.00,71.00,17.20,50.00,0.00
10459.00,7.00,24.00,16.00,0.05
10459.00,46.00,9.60,20.00,0.05
10459.00,72.00,27.80,40.00,0.00
10460.00,68.00,10.00,21.00,0.25
10460.00,75.00,6.20,4.00,0.25
10461.00,21.00,8.00,40.00,0.25
10461.00,30.00,20.70,28.00,0.25
10461.00,55.00,19.20,60.00,0.25
10462.00,13.00,4.80,1.00,0.00
10462.00,23.00,7.20,21.00,0.00
10463.00,19.00,7.30,21.00,0.00
10463.00,42.00,11.20,50.00,0.00
10464.00,4.00,17.60,16.00,0.20
10464.00,43.00,36.80,3.00,0.00
10464.00,56.00,30.40,30.00,0.20
10464.00,60.00,27.20,20.00,0.00
10465.00,24.00,3.60,25.00,0.00
10465.00,29.00,99.00,18.00,0.10
10465.00,40.00,14.70,20.00,0.00
10465.00,45.00,7.60,30.00,0.10
10465.00,50.00,13.00,25.00,0.00
10466.00,11.00,16.80,10.00,0.00
10466.00,46.00,9.60,5.00,0.00
10467.00,24.00,3.60,28.00,0.00
10467.00,25.00,11.20,12.00,0.00
10468.00,30.00,20.70,8.00,0.00
10468.00,43.00,36.80,15.00,0.00
10469.00,2.00,15.20,40.00,0.15
10469.00,16.00,13.90,35.00,0.15
10469.00,44.00,15.50,2.00,0.15
10470.00,18.00,50.00,30.00,0.00
10470.00,23.00,7.20,15.00,0.00
10470.00,64.00,26.60,8.00,0.00
10471.00,7.00,24.00,30.00,0.00
10471.00,56.00,30.40,20.00,0.00
10472.00,24.00,3.60,80.00,0.05
10472.00,51.00,42.40,18.00,0.00
10473.00,33.00,2.00,12.00,0.00
10473.00,71.00,17.20,12.00,0.00
10474.00,14.00,18.60,12.00,0.00
10474.00,28.00,36.40,18.00,0.00
10474.00,40.00,14.70,21.00,0.00
10474.00,75.00,6.20,10.00,0.00
10475.00,31.00,10.00,35.00,0.15
10475.00,66.00,13.60,60.00,0.15
10475.00,76.00,14.40,42.00,0.15
10476.00,55.00,19.20,2.00,0.05
10476.00,70.00,12.00,12.00,0.00
10477.00,1.00,14.40,15.00,0.00
10477.00,21.00,8.00,21.00,0.25
10477.00,39.00,14.40,20.00,0.25
10478.00,10.00,24.80,20.00,0.05
10479.00,38.00,210.80,30.00,0.00
10479.00,53.00,26.20,28.00,0.00
10479.00,59.00,44.00,60.00,0.00
10479.00,64.00,26.60,30.00,0.00
10480.00,47.00,7.60,30.00,0.00
10480.00,59.00,44.00,12.00,0.00
10481.00,49.00,16.00,24.00,0.00
10481.00,60.00,27.20,40.00,0.00
10482.00,40.00,14.70,10.00,0.00
10483.00,34.00,11.20,35.00,0.05
10483.00,77.00,10.40,30.00,0.05
10484.00,21.00,8.00,14.00,0.00
10484.00,40.00,14.70,10.00,0.00
10484.00,51.00,42.40,3.00,0.00
10485.00,2.00,15.20,20.00,0.10
10485.00,3.00,8.00,20.00,0.10
10485.00,55.00,19.20,30.00,0.10
10485.00,70.00,12.00,60.00,0.10
10486.00,11.00,16.80,5.00,0.00
10486.00,51.00,42.40,25.00,0.00
10486.00,74.00,8.00,16.00,0.00
10487.00,19.00,7.30,5.00,0.00
10487.00,26.00,24.90,30.00,0.00
10487.00,54.00,5.90,24.00,0.25
10488.00,59.00,44.00,30.00,0.00
10488.00,73.00,12.00,20.00,0.20
10489.00,11.00,16.80,15.00,0.25
10489.00,16.00,13.90,18.00,0.00
10490.00,59.00,44.00,60.00,0.00
10490.00,68.00,10.00,30.00,0.00
10490.00,75.00,6.20,36.00,0.00
10491.00,44.00,15.50,15.00,0.15
10491.00,77.00,10.40,7.00,0.15
10492.00,25.00,11.20,60.00,0.05
10492.00,42.00,11.20,20.00,0.05
10493.00,65.00,16.80,15.00,0.10
10493.00,66.00,13.60,10.00,0.10
10493.00,69.00,28.80,10.00,0.10
10494.00,56.00,30.40,30.00,0.00
10495.00,23.00,7.20,10.00,0.00
10495.00,41.00,7.70,20.00,0.00
10495.00,77.00,10.40,5.00,0.00
10496.00,31.00,10.00,20.00,0.05
10497.00,56.00,30.40,14.00,0.00
10497.00,72.00,27.80,25.00,0.00
10497.00,77.00,10.40,25.00,0.00
10498.00,24.00,4.50,14.00,0.00
10498.00,40.00,18.40,5.00,0.00
10498.00,42.00,14.00,30.00,0.00
10499.00,28.00,45.60,20.00,0.00
10499.00,49.00,20.00,25.00,0.00
10500.00,15.00,15.50,12.00,0.05
10500.00,28.00,45.60,8.00,0.05
10501.00,54.00,7.45,20.00,0.00
10502.00,45.00,9.50,21.00,0.00
10502.00,53.00,32.80,6.00,0.00
10502.00,67.00,14.00,30.00,0.00
10503.00,14.00,23.25,70.00,0.00
10503.00,65.00,21.05,20.00,0.00
10504.00,2.00,19.00,12.00,0.00
10504.00,21.00,10.00,12.00,0.00
10504.00,53.00,32.80,10.00,0.00
10504.00,61.00,28.50,25.00,0.00
10505.00,62.00,49.30,3.00,0.00
10506.00,25.00,14.00,18.00,0.10
10506.00,70.00,15.00,14.00,0.10
10507.00,43.00,46.00,15.00,0.15
10507.00,48.00,12.75,15.00,0.15
10508.00,13.00,6.00,10.00,0.00
10508.00,39.00,18.00,10.00,0.00
10509.00,28.00,45.60,3.00,0.00
10510.00,29.00,123.79,36.00,0.00
10510.00,75.00,7.75,36.00,0.10
10511.00,4.00,22.00,50.00,0.15
10511.00,7.00,30.00,50.00,0.15
10511.00,8.00,40.00,10.00,0.15
10512.00,24.00,4.50,10.00,0.15
10512.00,46.00,12.00,9.00,0.15
10512.00,47.00,9.50,6.00,0.15
10512.00,60.00,34.00,12.00,0.15
10513.00,21.00,10.00,40.00,0.20
10513.00,32.00,32.00,50.00,0.20
10513.00,61.00,28.50,15.00,0.20
10514.00,20.00,81.00,39.00,0.00
10514.00,28.00,45.60,35.00,0.00
10514.00,56.00,38.00,70.00,0.00
10514.00,65.00,21.05,39.00,0.00
10514.00,75.00,7.75,50.00,0.00
10515.00,9.00,97.00,16.00,0.15
10515.00,16.00,17.45,50.00,0.00
10515.00,27.00,43.90,120.00,0.00
10515.00,33.00,2.50,16.00,0.15
10515.00,60.00,34.00,84.00,0.15
10516.00,18.00,62.50,25.00,0.10
10516.00,41.00,9.65,80.00,0.10
10516.00,42.00,14.00,20.00,0.00
10517.00,52.00,7.00,6.00,0.00
10517.00,59.00,55.00,4.00,0.00
10517.00,70.00,15.00,6.00,0.00
10518.00,24.00,4.50,5.00,0.00
10518.00,38.00,263.50,15.00,0.00
10518.00,44.00,19.45,9.00,0.00
10519.00,10.00,31.00,16.00,0.05
10519.00,56.00,38.00,40.00,0.00
10519.00,60.00,34.00,10.00,0.05
10520.00,24.00,4.50,8.00,0.00
10520.00,53.00,32.80,5.00,0.00
10521.00,35.00,18.00,3.00,0.00
10521.00,41.00,9.65,10.00,0.00
10521.00,68.00,12.50,6.00,0.00
10522.00,1.00,18.00,40.00,0.20
10522.00,8.00,40.00,24.00,0.00
10522.00,30.00,25.89,20.00,0.20
10522.00,40.00,18.40,25.00,0.20
10523.00,17.00,39.00,25.00,0.10
10523.00,20.00,81.00,15.00,0.10
10523.00,37.00,26.00,18.00,0.10
10523.00,41.00,9.65,6.00,0.10
10524.00,10.00,31.00,2.00,0.00
10524.00,30.00,25.89,10.00,0.00
10524.00,43.00,46.00,60.00,0.00
10524.00,54.00,7.45,15.00,0.00
10525.00,36.00,19.00,30.00,0.00
10525.00,40.00,18.40,15.00,0.10
10526.00,1.00,18.00,8.00,0.15
10526.00,13.00,6.00,10.00,0.00
10526.00,56.00,38.00,30.00,0.15
10527.00,4.00,22.00,50.00,0.10
10527.00,36.00,19.00,30.00,0.10
10528.00,11.00,21.00,3.00,0.00
10528.00,33.00,2.50,8.00,0.20
10528.00,72.00,34.80,9.00,0.00
10529.00,55.00,24.00,14.00,0.00
10529.00,68.00,12.50,20.00,0.00
10529.00,69.00,36.00,10.00,0.00
10530.00,17.00,39.00,40.00,0.00
10530.00,43.00,46.00,25.00,0.00
10530.00,61.00,28.50,20.00,0.00
10530.00,76.00,18.00,50.00,0.00
10531.00,59.00,55.00,2.00,0.00
10532.00,30.00,25.89,15.00,0.00
10532.00,66.00,17.00,24.00,0.00
10533.00,4.00,22.00,50.00,0.05
10533.00,72.00,34.80,24.00,0.00
10533.00,73.00,15.00,24.00,0.05
10534.00,30.00,25.89,10.00,0.00
10534.00,40.00,18.40,10.00,0.20
10534.00,54.00,7.45,10.00,0.20
10535.00,11.00,21.00,50.00,0.10
10535.00,40.00,18.40,10.00,0.10
10535.00,57.00,19.50,5.00,0.10
10535.00,59.00,55.00,15.00,0.10
10536.00,12.00,38.00,15.00,0.25
10536.00,31.00,12.50,20.00,0.00
10536.00,33.00,2.50,30.00,0.00
10536.00,60.00,34.00,35.00,0.25
10537.00,31.00,12.50,30.00,0.00
10537.00,51.00,53.00,6.00,0.00
10537.00,58.00,13.25,20.00,0.00
10537.00,72.00,34.80,21.00,0.00
10537.00,73.00,15.00,9.00,0.00
10538.00,70.00,15.00,7.00,0.00
10538.00,72.00,34.80,1.00,0.00
10539.00,13.00,6.00,8.00,0.00
10539.00,21.00,10.00,15.00,0.00
10539.00,33.00,2.50,15.00,0.00
10539.00,49.00,20.00,6.00,0.00
10540.00,3.00,10.00,60.00,0.00
10540.00,26.00,31.23,40.00,0.00
10540.00,38.00,263.50,30.00,0.00
10540.00,68.00,12.50,35.00,0.00
10541.00,24.00,4.50,35.00,0.10
10541.00,38.00,263.50,4.00,0.10
10541.00,65.00,21.05,36.00,0.10
10541.00,71.00,21.50,9.00,0.10
10542.00,11.00,21.00,15.00,0.05
10542.00,54.00,7.45,24.00,0.05
10543.00,12.00,38.00,30.00,0.15
10543.00,23.00,9.00,70.00,0.15
10544.00,28.00,45.60,7.00,0.00
10544.00,67.00,14.00,7.00,0.00
10545.00,11.00,21.00,10.00,0.00
10546.00,7.00,30.00,10.00,0.00
10546.00,35.00,18.00,30.00,0.00
10546.00,62.00,49.30,40.00,0.00
10547.00,32.00,32.00,24.00,0.15
10547.00,36.00,19.00,60.00,0.00
10548.00,34.00,14.00,10.00,0.25
10548.00,41.00,9.65,14.00,0.00
10549.00,31.00,12.50,55.00,0.15
10549.00,45.00,9.50,100.00,0.15
10549.00,51.00,53.00,48.00,0.15
10550.00,17.00,39.00,8.00,0.10
10550.00,19.00,9.20,10.00,0.00
10550.00,21.00,10.00,6.00,0.10
10550.00,61.00,28.50,10.00,0.10
10551.00,16.00,17.45,40.00,0.15
10551.00,35.00,18.00,20.00,0.15
10551.00,44.00,19.45,40.00,0.00
10552.00,69.00,36.00,18.00,0.00
10552.00,75.00,7.75,30.00,0.00
10553.00,11.00,21.00,15.00,0.00
10553.00,16.00,17.45,14.00,0.00
10553.00,22.00,21.00,24.00,0.00
10553.00,31.00,12.50,30.00,0.00
10553.00,35.00,18.00,6.00,0.00
10554.00,16.00,17.45,30.00,0.05
10554.00,23.00,9.00,20.00,0.05
10554.00,62.00,49.30,20.00,0.05
10554.00,77.00,13.00,10.00,0.05
10555.00,14.00,23.25,30.00,0.20
10555.00,19.00,9.20,35.00,0.20
10555.00,24.00,4.50,18.00,0.20
10555.00,51.00,53.00,20.00,0.20
10555.00,56.00,38.00,40.00,0.20
10556.00,72.00,34.80,24.00,0.00
10557.00,64.00,33.25,30.00,0.00
10557.00,75.00,7.75,20.00,0.00
10558.00,47.00,9.50,25.00,0.00
10558.00,51.00,53.00,20.00,0.00
10558.00,52.00,7.00,30.00,0.00
10558.00,53.00,32.80,18.00,0.00
10558.00,73.00,15.00,3.00,0.00
10559.00,41.00,9.65,12.00,0.05
10559.00,55.00,24.00,18.00,0.05
10560.00,30.00,25.89,20.00,0.00
10560.00,62.00,49.30,15.00,0.25
10561.00,44.00,19.45,10.00,0.00
10561.00,51.00,53.00,50.00,0.00
10562.00,33.00,2.50,20.00,0.10
10562.00,62.00,49.30,10.00,0.10
10563.00,36.00,19.00,25.00,0.00
10563.00,52.00,7.00,70.00,0.00
10564.00,17.00,39.00,16.00,0.05
10564.00,31.00,12.50,6.00,0.05
10564.00,55.00,24.00,25.00,0.05
10565.00,24.00,4.50,25.00,0.10
10565.00,64.00,33.25,18.00,0.10
10566.00,11.00,21.00,35.00,0.15
10566.00,18.00,62.50,18.00,0.15
10566.00,76.00,18.00,10.00,0.00
10567.00,31.00,12.50,60.00,0.20
10567.00,51.00,53.00,3.00,0.00
10567.00,59.00,55.00,40.00,0.20
10568.00,10.00,31.00,5.00,0.00
10569.00,31.00,12.50,35.00,0.20
10569.00,76.00,18.00,30.00,0.00
10570.00,11.00,21.00,15.00,0.05
10570.00,56.00,38.00,60.00,0.05
10571.00,14.00,23.25,11.00,0.15
10571.00,42.00,14.00,28.00,0.15
10572.00,16.00,17.45,12.00,0.10
10572.00,32.00,32.00,10.00,0.10
10572.00,40.00,18.40,50.00,0.00
10572.00,75.00,7.75,15.00,0.10
10573.00,17.00,39.00,18.00,0.00
10573.00,34.00,14.00,40.00,0.00
10573.00,53.00,32.80,25.00,0.00
10574.00,33.00,2.50,14.00,0.00
10574.00,40.00,18.40,2.00,0.00
10574.00,62.00,49.30,10.00,0.00
10574.00,64.00,33.25,6.00,0.00
10575.00,59.00,55.00,12.00,0.00
10575.00,63.00,43.90,6.00,0.00
10575.00,72.00,34.80,30.00,0.00
10575.00,76.00,18.00,10.00,0.00
10576.00,1.00,18.00,10.00,0.00
10576.00,31.00,12.50,20.00,0.00
10576.00,44.00,19.45,21.00,0.00
10577.00,39.00,18.00,10.00,0.00
10577.00,75.00,7.75,20.00,0.00
10577.00,77.00,13.00,18.00,0.00
10578.00,35.00,18.00,20.00,0.00
10578.00,57.00,19.50,6.00,0.00
10579.00,15.00,15.50,10.00,0.00
10579.00,75.00,7.75,21.00,0.00
10580.00,14.00,23.25,15.00,0.05
10580.00,41.00,9.65,9.00,0.05
10580.00,65.00,21.05,30.00,0.05
10581.00,75.00,7.75,50.00,0.20
10582.00,57.00,19.50,4.00,0.00
10582.00,76.00,18.00,14.00,0.00
10583.00,29.00,123.79,10.00,0.00
10583.00,60.00,34.00,24.00,0.15
10583.00,69.00,36.00,10.00,0.15
10584.00,31.00,12.50,50.00,0.05
10585.00,47.00,9.50,15.00,0.00
10586.00,52.00,7.00,4.00,0.15
10587.00,26.00,31.23,6.00,0.00
10587.00,35.00,18.00,20.00,0.00
10587.00,77.00,13.00,20.00,0.00
10588.00,18.00,62.50,40.00,0.20
10588.00,42.00,14.00,100.00,0.20
10589.00,35.00,18.00,4.00,0.00
10590.00,1.00,18.00,20.00,0.00
10590.00,77.00,13.00,60.00,0.05
10591.00,3.00,10.00,14.00,0.00
10591.00,7.00,30.00,10.00,0.00
10591.00,54.00,7.45,50.00,0.00
10592.00,15.00,15.50,25.00,0.05
10592.00,26.00,31.23,5.00,0.05
10593.00,20.00,81.00,21.00,0.20
10593.00,69.00,36.00,20.00,0.20
10593.00,76.00,18.00,4.00,0.20
10594.00,52.00,7.00,24.00,0.00
10594.00,58.00,13.25,30.00,0.00
10595.00,35.00,18.00,30.00,0.25
10595.00,61.00,28.50,120.00,0.25
10595.00,69.00,36.00,65.00,0.25
10596.00,56.00,38.00,5.00,0.20
10596.00,63.00,43.90,24.00,0.20
10596.00,75.00,7.75,30.00,0.20
10597.00,24.00,4.50,35.00,0.20
10597.00,57.00,19.50,20.00,0.00
10597.00,65.00,21.05,12.00,0.20
10598.00,27.00,43.90,50.00,0.00
10598.00,71.00,21.50,9.00,0.00
10599.00,62.00,49.30,10.00,0.00
10600.00,54.00,7.45,4.00,0.00
10600.00,73.00,15.00,30.00,0.00
10601.00,13.00,6.00,60.00,0.00
10601.00,59.00,55.00,35.00,0.00
10602.00,77.00,13.00,5.00,0.25
10603.00,22.00,21.00,48.00,0.00
10603.00,49.00,20.00,25.00,0.05
10604.00,48.00,12.75,6.00,0.10
10604.00,76.00,18.00,10.00,0.10
10605.00,16.00,17.45,30.00,0.05
10605.00,59.00,55.00,20.00,0.05
10605.00,60.00,34.00,70.00,0.05
10605.00,71.00,21.50,15.00,0.05
10606.00,4.00,22.00,20.00,0.20
10606.00,55.00,24.00,20.00,0.20
10606.00,62.00,49.30,10.00,0.20
10607.00,7.00,30.00,45.00,0.00
10607.00,17.00,39.00,100.00,0.00
10607.00,33.00,2.50,14.00,0.00
10607.00,40.00,18.40,42.00,0.00
10607.00,72.00,34.80,12.00,0.00
10608.00,56.00,38.00,28.00,0.00
10609.00,1.00,18.00,3.00,0.00
10609.00,10.00,31.00,10.00,0.00
10609.00,21.00,10.00,6.00,0.00
10610.00,36.00,19.00,21.00,0.25
10611.00,1.00,18.00,6.00,0.00
10611.00,2.00,19.00,10.00,0.00
10611.00,60.00,34.00,15.00,0.00
10612.00,10.00,31.00,70.00,0.00
10612.00,36.00,19.00,55.00,0.00
10612.00,49.00,20.00,18.00,0.00
10612.00,60.00,34.00,40.00,0.00
10612.00,76.00,18.00,80.00,0.00
10613.00,13.00,6.00,8.00,0.10
10613.00,75.00,7.75,40.00,0.00
10614.00,11.00,21.00,14.00,0.00
10614.00,21.00,10.00,8.00,0.00
10614.00,39.00,18.00,5.00,0.00
10615.00,55.00,24.00,5.00,0.00
10616.00,38.00,263.50,15.00,0.05
10616.00,56.00,38.00,14.00,0.00
10616.00,70.00,15.00,15.00,0.05
10616.00,71.00,21.50,15.00,0.05
10617.00,59.00,55.00,30.00,0.15
10618.00,6.00,25.00,70.00,0.00
10618.00,56.00,38.00,20.00,0.00
10618.00,68.00,12.50,15.00,0.00
10619.00,21.00,10.00,42.00,0.00
10619.00,22.00,21.00,40.00,0.00
10620.00,24.00,4.50,5.00,0.00
10620.00,52.00,7.00,5.00,0.00
10621.00,19.00,9.20,5.00,0.00
10621.00,23.00,9.00,10.00,0.00
10621.00,70.00,15.00,20.00,0.00
10621.00,71.00,21.50,15.00,0.00
10622.00,2.00,19.00,20.00,0.00
10622.00,68.00,12.50,18.00,0.20
10623.00,14.00,23.25,21.00,0.00
10623.00,19.00,9.20,15.00,0.10
10623.00,21.00,10.00,25.00,0.10
10623.00,24.00,4.50,3.00,0.00
10623.00,35.00,18.00,30.00,0.10
10624.00,28.00,45.60,10.00,0.00
10624.00,29.00,123.79,6.00,0.00
10624.00,44.00,19.45,10.00,0.00
10625.00,14.00,23.25,3.00,0.00
10625.00,42.00,14.00,5.00,0.00
10625.00,60.00,34.00,10.00,0.00
10626.00,53.00,32.80,12.00,0.00
10626.00,60.00,34.00,20.00,0.00
10626.00,71.00,21.50,20.00,0.00
10627.00,62.00,49.30,15.00,0.00
10627.00,73.00,15.00,35.00,0.15
10628.00,1.00,18.00,25.00,0.00
10629.00,29.00,123.79,20.00,0.00
10629.00,64.00,33.25,9.00,0.00
10630.00,55.00,24.00,12.00,0.05
10630.00,76.00,18.00,35.00,0.00
10631.00,75.00,7.75,8.00,0.10
10632.00,2.00,19.00,30.00,0.05
10632.00,33.00,2.50,20.00,0.05
10633.00,12.00,38.00,36.00,0.15
10633.00,13.00,6.00,13.00,0.15
10633.00,26.00,31.23,35.00,0.15
10633.00,62.00,49.30,80.00,0.15
10634.00,7.00,30.00,35.00,0.00
10634.00,18.00,62.50,50.00,0.00
10634.00,51.00,53.00,15.00,0.00
10634.00,75.00,7.75,2.00,0.00
10635.00,4.00,22.00,10.00,0.10
10635.00,5.00,21.35,15.00,0.10
10635.00,22.00,21.00,40.00,0.00
10636.00,4.00,22.00,25.00,0.00
10636.00,58.00,13.25,6.00,0.00
10637.00,11.00,21.00,10.00,0.00
10637.00,50.00,16.25,25.00,0.05
10637.00,56.00,38.00,60.00,0.05
10638.00,45.00,9.50,20.00,0.00
10638.00,65.00,21.05,21.00,0.00
10638.00,72.00,34.80,60.00,0.00
10639.00,18.00,62.50,8.00,0.00
10640.00,69.00,36.00,20.00,0.25
10640.00,70.00,15.00,15.00,0.25
10641.00,2.00,19.00,50.00,0.00
10641.00,40.00,18.40,60.00,0.00
10642.00,21.00,10.00,30.00,0.20
10642.00,61.00,28.50,20.00,0.20
10643.00,28.00,45.60,15.00,0.25
10643.00,39.00,18.00,21.00,0.25
10643.00,46.00,12.00,2.00,0.25
10644.00,18.00,62.50,4.00,0.10
10644.00,43.00,46.00,20.00,0.00
10644.00,46.00,12.00,21.00,0.10
10645.00,18.00,62.50,20.00,0.00
10645.00,36.00,19.00,15.00,0.00
10646.00,1.00,18.00,15.00,0.25
10646.00,10.00,31.00,18.00,0.25
10646.00,71.00,21.50,30.00,0.25
10646.00,77.00,13.00,35.00,0.25
10647.00,19.00,9.20,30.00,0.00
10647.00,39.00,18.00,20.00,0.00
10648.00,22.00,21.00,15.00,0.00
10648.00,24.00,4.50,15.00,0.15
10649.00,28.00,45.60,20.00,0.00
10649.00,72.00,34.80,15.00,0.00
10650.00,30.00,25.89,30.00,0.00
10650.00,53.00,32.80,25.00,0.05
10650.00,54.00,7.45,30.00,0.00
10651.00,19.00,9.20,12.00,0.25
10651.00,22.00,21.00,20.00,0.25
10652.00,30.00,25.89,2.00,0.25
10652.00,42.00,14.00,20.00,0.00
10653.00,16.00,17.45,30.00,0.10
10653.00,60.00,34.00,20.00,0.10
10654.00,4.00,22.00,12.00,0.10
10654.00,39.00,18.00,20.00,0.10
10654.00,54.00,7.45,6.00,0.10
10655.00,41.00,9.65,20.00,0.20
10656.00,14.00,23.25,3.00,0.10
10656.00,44.00,19.45,28.00,0.10
10656.00,47.00,9.50,6.00,0.10
10657.00,15.00,15.50,50.00,0.00
10657.00,41.00,9.65,24.00,0.00
10657.00,46.00,12.00,45.00,0.00
10657.00,47.00,9.50,10.00,0.00
10657.00,56.00,38.00,45.00,0.00
10657.00,60.00,34.00,30.00,0.00
10658.00,21.00,10.00,60.00,0.00
10658.00,40.00,18.40,70.00,0.05
10658.00,60.00,34.00,55.00,0.05
10658.00,77.00,13.00,70.00,0.05
10659.00,31.00,12.50,20.00,0.05
10659.00,40.00,18.40,24.00,0.05
10659.00,70.00,15.00,40.00,0.05
10660.00,20.00,81.00,21.00,0.00
10661.00,39.00,18.00,3.00,0.20
10661.00,58.00,13.25,49.00,0.20
10662.00,68.00,12.50,10.00,0.00
10663.00,40.00,18.40,30.00,0.05
10663.00,42.00,14.00,30.00,0.05
10663.00,51.00,53.00,20.00,0.05
10664.00,10.00,31.00,24.00,0.15
10664.00,56.00,38.00,12.00,0.15
10664.00,65.00,21.05,15.00,0.15
10665.00,51.00,53.00,20.00,0.00
10665.00,59.00,55.00,1.00,0.00
10665.00,76.00,18.00,10.00,0.00
10666.00,29.00,123.79,36.00,0.00
10666.00,65.00,21.05,10.00,0.00
10667.00,69.00,36.00,45.00,0.20
10667.00,71.00,21.50,14.00,0.20
10668.00,31.00,12.50,8.00,0.10
10668.00,55.00,24.00,4.00,0.10
10668.00,64.00,33.25,15.00,0.10
10669.00,36.00,19.00,30.00,0.00
10670.00,23.00,9.00,32.00,0.00
10670.00,46.00,12.00,60.00,0.00
10670.00,67.00,14.00,25.00,0.00
10670.00,73.00,15.00,50.00,0.00
10670.00,75.00,7.75,25.00,0.00
10671.00,16.00,17.45,10.00,0.00
10671.00,62.00,49.30,10.00,0.00
10671.00,65.00,21.05,12.00,0.00
10672.00,38.00,263.50,15.00,0.10
10672.00,71.00,21.50,12.00,0.00
10673.00,16.00,17.45,3.00,0.00
10673.00,42.00,14.00,6.00,0.00
10673.00,43.00,46.00,6.00,0.00
10674.00,23.00,9.00,5.00,0.00
10675.00,14.00,23.25,30.00,0.00
10675.00,53.00,32.80,10.00,0.00
10675.00,58.00,13.25,30.00,0.00
10676.00,10.00,31.00,2.00,0.00
10676.00,19.00,9.20,7.00,0.00
10676.00,44.00,19.45,21.00,0.00
10677.00,26.00,31.23,30.00,0.15
10677.00,33.00,2.50,8.00,0.15
10678.00,12.00,38.00,100.00,0.00
10678.00,33.00,2.50,30.00,0.00
10678.00,41.00,9.65,120.00,0.00
10678.00,54.00,7.45,30.00,0.00
10679.00,59.00,55.00,12.00,0.00
10680.00,16.00,17.45,50.00,0.25
10680.00,31.00,12.50,20.00,0.25
10680.00,42.00,14.00,40.00,0.25
10681.00,19.00,9.20,30.00,0.10
10681.00,21.00,10.00,12.00,0.10
10681.00,64.00,33.25,28.00,0.00
10682.00,33.00,2.50,30.00,0.00
10682.00,66.00,17.00,4.00,0.00
10682.00,75.00,7.75,30.00,0.00
10683.00,52.00,7.00,9.00,0.00
10684.00,40.00,18.40,20.00,0.00
10684.00,47.00,9.50,40.00,0.00
10684.00,60.00,34.00,30.00,0.00
10685.00,10.00,31.00,20.00,0.00
10685.00,41.00,9.65,4.00,0.00
10685.00,47.00,9.50,15.00,0.00
10686.00,17.00,39.00,30.00,0.20
10686.00,26.00,31.23,15.00,0.00
10687.00,9.00,97.00,50.00,0.25
10687.00,29.00,123.79,10.00,0.00
10687.00,36.00,19.00,6.00,0.25
10688.00,10.00,31.00,18.00,0.10
10688.00,28.00,45.60,60.00,0.10
10688.00,34.00,14.00,14.00,0.00
10689.00,1.00,18.00,35.00,0.25
10690.00,56.00,38.00,20.00,0.25
10690.00,77.00,13.00,30.00,0.25
10691.00,1.00,18.00,30.00,0.00
10691.00,29.00,123.79,40.00,0.00
10691.00,43.00,46.00,40.00,0.00
10691.00,44.00,19.45,24.00,0.00
10691.00,62.00,49.30,48.00,0.00
10692.00,63.00,43.90,20.00,0.00
10693.00,9.00,97.00,6.00,0.00
10693.00,54.00,7.45,60.00,0.15
10693.00,69.00,36.00,30.00,0.15
10693.00,73.00,15.00,15.00,0.15
10694.00,7.00,30.00,90.00,0.00
10694.00,59.00,55.00,25.00,0.00
10694.00,70.00,15.00,50.00,0.00
10695.00,8.00,40.00,10.00,0.00
10695.00,12.00,38.00,4.00,0.00
10695.00,24.00,4.50,20.00,0.00
10696.00,17.00,39.00,20.00,0.00
10696.00,46.00,12.00,18.00,0.00
10697.00,19.00,9.20,7.00,0.25
10697.00,35.00,18.00,9.00,0.25
10697.00,58.00,13.25,30.00,0.25
10697.00,70.00,15.00,30.00,0.25
10698.00,11.00,21.00,15.00,0.00
10698.00,17.00,39.00,8.00,0.05
10698.00,29.00,123.79,12.00,0.05
10698.00,65.00,21.05,65.00,0.05
10698.00,70.00,15.00,8.00,0.05
10699.00,47.00,9.50,12.00,0.00
10700.00,1.00,18.00,5.00,0.20
10700.00,34.00,14.00,12.00,0.20
10700.00,68.00,12.50,40.00,0.20
10700.00,71.00,21.50,60.00,0.20
10701.00,59.00,55.00,42.00,0.15
10701.00,71.00,21.50,20.00,0.15
10701.00,76.00,18.00,35.00,0.15
10702.00,3.00,10.00,6.00,0.00
10702.00,76.00,18.00,15.00,0.00
10703.00,2.00,19.00,5.00,0.00
10703.00,59.00,55.00,35.00,0.00
10703.00,73.00,15.00,35.00,0.00
10704.00,4.00,22.00,6.00,0.00
10704.00,24.00,4.50,35.00,0.00
10704.00,48.00,12.75,24.00,0.00
10705.00,31.00,12.50,20.00,0.00
10705.00,32.00,32.00,4.00,0.00
10706.00,16.00,17.45,20.00,0.00
10706.00,43.00,46.00,24.00,0.00
10706.00,59.00,55.00,8.00,0.00
10707.00,55.00,24.00,21.00,0.00
10707.00,57.00,19.50,40.00,0.00
10707.00,70.00,15.00,28.00,0.15
10708.00,5.00,21.35,4.00,0.00
10708.00,36.00,19.00,5.00,0.00
10709.00,8.00,40.00,40.00,0.00
10709.00,51.00,53.00,28.00,0.00
10709.00,60.00,34.00,10.00,0.00
10710.00,19.00,9.20,5.00,0.00
10710.00,47.00,9.50,5.00,0.00
10711.00,19.00,9.20,12.00,0.00
10711.00,41.00,9.65,42.00,0.00
10711.00,53.00,32.80,120.00,0.00
10712.00,53.00,32.80,3.00,0.05
10712.00,56.00,38.00,30.00,0.00
10713.00,10.00,31.00,18.00,0.00
10713.00,26.00,31.23,30.00,0.00
10713.00,45.00,9.50,110.00,0.00
10713.00,46.00,12.00,24.00,0.00
10714.00,2.00,19.00,30.00,0.25
10714.00,17.00,39.00,27.00,0.25
10714.00,47.00,9.50,50.00,0.25
10714.00,56.00,38.00,18.00,0.25
10714.00,58.00,13.25,12.00,0.25
10715.00,10.00,31.00,21.00,0.00
10715.00,71.00,21.50,30.00,0.00
10716.00,21.00,10.00,5.00,0.00
10716.00,51.00,53.00,7.00,0.00
10716.00,61.00,28.50,10.00,0.00
10717.00,21.00,10.00,32.00,0.05
10717.00,54.00,7.45,15.00,0.00
10717.00,69.00,36.00,25.00,0.05
10718.00,12.00,38.00,36.00,0.00
10718.00,16.00,17.45,20.00,0.00
10718.00,36.00,19.00,40.00,0.00
10718.00,62.00,49.30,20.00,0.00
10719.00,18.00,62.50,12.00,0.25
10719.00,30.00,25.89,3.00,0.25
10719.00,54.00,7.45,40.00,0.25
10720.00,35.00,18.00,21.00,0.00
10720.00,71.00,21.50,8.00,0.00
10721.00,44.00,19.45,50.00,0.05
10722.00,2.00,19.00,3.00,0.00
10722.00,31.00,12.50,50.00,0.00
10722.00,68.00,12.50,45.00,0.00
10722.00,75.00,7.75,42.00,0.00
10723.00,26.00,31.23,15.00,0.00
10724.00,10.00,31.00,16.00,0.00
10724.00,61.00,28.50,5.00,0.00
10725.00,41.00,9.65,12.00,0.00
10725.00,52.00,7.00,4.00,0.00
10725.00,55.00,24.00,6.00,0.00
10726.00,4.00,22.00,25.00,0.00
10726.00,11.00,21.00,5.00,0.00
10727.00,17.00,39.00,20.00,0.05
10727.00,56.00,38.00,10.00,0.05
10727.00,59.00,55.00,10.00,0.05
10728.00,30.00,25.89,15.00,0.00
10728.00,40.00,18.40,6.00,0.00
10728.00,55.00,24.00,12.00,0.00
10728.00,60.00,34.00,15.00,0.00
10729.00,1.00,18.00,50.00,0.00
10729.00,21.00,10.00,30.00,0.00
10729.00,50.00,16.25,40.00,0.00
10730.00,16.00,17.45,15.00,0.05
10730.00,31.00,12.50,3.00,0.05
10730.00,65.00,21.05,10.00,0.05
10731.00,21.00,10.00,40.00,0.05
10731.00,51.00,53.00,30.00,0.05
10732.00,76.00,18.00,20.00,0.00
10733.00,14.00,23.25,16.00,0.00
10733.00,28.00,45.60,20.00,0.00
10733.00,52.00,7.00,25.00,0.00
10734.00,6.00,25.00,30.00,0.00
10734.00,30.00,25.89,15.00,0.00
10734.00,76.00,18.00,20.00,0.00
10735.00,61.00,28.50,20.00,0.10
10735.00,77.00,13.00,2.00,0.10
10736.00,65.00,21.05,40.00,0.00
10736.00,75.00,7.75,20.00,0.00
10737.00,13.00,6.00,4.00,0.00
10737.00,41.00,9.65,12.00,0.00
10738.00,16.00,17.45,3.00,0.00
10739.00,36.00,19.00,6.00,0.00
10739.00,52.00,7.00,18.00,0.00
10740.00,28.00,45.60,5.00,0.20
10740.00,35.00,18.00,35.00,0.20
10740.00,45.00,9.50,40.00,0.20
10740.00,56.00,38.00,14.00,0.20
10741.00,2.00,19.00,15.00,0.20
10742.00,3.00,10.00,20.00,0.00
10742.00,60.00,34.00,50.00,0.00
10742.00,72.00,34.80,35.00,0.00
10743.00,46.00,12.00,28.00,0.05
10744.00,40.00,18.40,50.00,0.20
10745.00,18.00,62.50,24.00,0.00
10745.00,44.00,19.45,16.00,0.00
10745.00,59.00,55.00,45.00,0.00
10745.00,72.00,34.80,7.00,0.00
10746.00,13.00,6.00,6.00,0.00
10746.00,42.00,14.00,28.00,0.00
10746.00,62.00,49.30,9.00,0.00
10746.00,69.00,36.00,40.00,0.00
10747.00,31.00,12.50,8.00,0.00
10747.00,41.00,9.65,35.00,0.00
10747.00,63.00,43.90,9.00,0.00
10747.00,69.00,36.00,30.00,0.00
10748.00,23.00,9.00,44.00,0.00
10748.00,40.00,18.40,40.00,0.00
10748.00,56.00,38.00,28.00,0.00
10749.00,56.00,38.00,15.00,0.00
10749.00,59.00,55.00,6.00,0.00
10749.00,76.00,18.00,10.00,0.00
10750.00,14.00,23.25,5.00,0.15
10750.00,45.00,9.50,40.00,0.15
10750.00,59.00,55.00,25.00,0.15
10751.00,26.00,31.23,12.00,0.10
10751.00,30.00,25.89,30.00,0.00
10751.00,50.00,16.25,20.00,0.10
10751.00,73.00,15.00,15.00,0.00
10752.00,1.00,18.00,8.00,0.00
10752.00,69.00,36.00,3.00,0.00
10753.00,45.00,9.50,4.00,0.00
10753.00,74.00,10.00,5.00,0.00
10754.00,40.00,18.40,3.00,0.00
10755.00,47.00,9.50,30.00,0.25
10755.00,56.00,38.00,30.00,0.25
10755.00,57.00,19.50,14.00,0.25
10755.00,69.00,36.00,25.00,0.25
10756.00,18.00,62.50,21.00,0.20
10756.00,36.00,19.00,20.00,0.20
10756.00,68.00,12.50,6.00,0.20
10756.00,69.00,36.00,20.00,0.20
10757.00,34.00,14.00,30.00,0.00
10757.00,59.00,55.00,7.00,0.00
10757.00,62.00,49.30,30.00,0.00
10757.00,64.00,33.25,24.00,0.00
10758.00,26.00,31.23,20.00,0.00
10758.00,52.00,7.00,60.00,0.00
10758.00,70.00,15.00,40.00,0.00
10759.00,32.00,32.00,10.00,0.00
10760.00,25.00,14.00,12.00,0.25
10760.00,27.00,43.90,40.00,0.00
10760.00,43.00,46.00,30.00,0.25
10761.00,25.00,14.00,35.00,0.25
10761.00,75.00,7.75,18.00,0.00
10762.00,39.00,18.00,16.00,0.00
10762.00,47.00,9.50,30.00,0.00
10762.00,51.00,53.00,28.00,0.00
10762.00,56.00,38.00,60.00,0.00
10763.00,21.00,10.00,40.00,0.00
10763.00,22.00,21.00,6.00,0.00
10763.00,24.00,4.50,20.00,0.00
10764.00,3.00,10.00,20.00,0.10
10764.00,39.00,18.00,130.00,0.10
10765.00,65.00,21.05,80.00,0.10
10766.00,2.00,19.00,40.00,0.00
10766.00,7.00,30.00,35.00,0.00
10766.00,68.00,12.50,40.00,0.00
10767.00,42.00,14.00,2.00,0.00
10768.00,22.00,21.00,4.00,0.00
10768.00,31.00,12.50,50.00,0.00
10768.00,60.00,34.00,15.00,0.00
10768.00,71.00,21.50,12.00,0.00
10769.00,41.00,9.65,30.00,0.05
10769.00,52.00,7.00,15.00,0.05
10769.00,61.00,28.50,20.00,0.00
10769.00,62.00,49.30,15.00,0.00
10770.00,11.00,21.00,15.00,0.25
10771.00,71.00,21.50,16.00,0.00
10772.00,29.00,123.79,18.00,0.00
10772.00,59.00,55.00,25.00,0.00
10773.00,17.00,39.00,33.00,0.00
10773.00,31.00,12.50,70.00,0.20
10773.00,75.00,7.75,7.00,0.20
10774.00,31.00,12.50,2.00,0.25
10774.00,66.00,17.00,50.00,0.00
10775.00,10.00,31.00,6.00,0.00
10775.00,67.00,14.00,3.00,0.00
10776.00,31.00,12.50,16.00,0.05
10776.00,42.00,14.00,12.00,0.05
10776.00,45.00,9.50,27.00,0.05
10776.00,51.00,53.00,120.00,0.05
10777.00,42.00,14.00,20.00,0.20
10778.00,41.00,9.65,10.00,0.00
10779.00,16.00,17.45,20.00,0.00
10779.00,62.00,49.30,20.00,0.00
10780.00,70.00,15.00,35.00,0.00
10780.00,77.00,13.00,15.00,0.00
10781.00,54.00,7.45,3.00,0.20
10781.00,56.00,38.00,20.00,0.20
10781.00,74.00,10.00,35.00,0.00
10782.00,31.00,12.50,1.00,0.00
10783.00,31.00,12.50,10.00,0.00
10783.00,38.00,263.50,5.00,0.00
10784.00,36.00,19.00,30.00,0.00
10784.00,39.00,18.00,2.00,0.15
10784.00,72.00,34.80,30.00,0.15
10785.00,10.00,31.00,10.00,0.00
10785.00,75.00,7.75,10.00,0.00
10786.00,8.00,40.00,30.00,0.20
10786.00,30.00,25.89,15.00,0.20
10786.00,75.00,7.75,42.00,0.20
10787.00,2.00,19.00,15.00,0.05
10787.00,29.00,123.79,20.00,0.05
10788.00,19.00,9.20,50.00,0.05
10788.00,75.00,7.75,40.00,0.05
10789.00,18.00,62.50,30.00,0.00
10789.00,35.00,18.00,15.00,0.00
10789.00,63.00,43.90,30.00,0.00
10789.00,68.00,12.50,18.00,0.00
10790.00,7.00,30.00,3.00,0.15
10790.00,56.00,38.00,20.00,0.15
10791.00,29.00,123.79,14.00,0.05
10791.00,41.00,9.65,20.00,0.05
10792.00,2.00,19.00,10.00,0.00
10792.00,54.00,7.45,3.00,0.00
10792.00,68.00,12.50,15.00,0.00
10793.00,41.00,9.65,14.00,0.00
10793.00,52.00,7.00,8.00,0.00
10794.00,14.00,23.25,15.00,0.20
10794.00,54.00,7.45,6.00,0.20
10795.00,16.00,17.45,65.00,0.00
10795.00,17.00,39.00,35.00,0.25
10796.00,26.00,31.23,21.00,0.20
10796.00,44.00,19.45,10.00,0.00
10796.00,64.00,33.25,35.00,0.20
10796.00,69.00,36.00,24.00,0.20
10797.00,11.00,21.00,20.00,0.00
10798.00,62.00,49.30,2.00,0.00
10798.00,72.00,34.80,10.00,0.00
10799.00,13.00,6.00,20.00,0.15
10799.00,24.00,4.50,20.00,0.15
10799.00,59.00,55.00,25.00,0.00
10800.00,11.00,21.00,50.00,0.10
10800.00,51.00,53.00,10.00,0.10
10800.00,54.00,7.45,7.00,0.10
10801.00,17.00,39.00,40.00,0.25
10801.00,29.00,123.79,20.00,0.25
10802.00,30.00,25.89,25.00,0.25
10802.00,51.00,53.00,30.00,0.25
10802.00,55.00,24.00,60.00,0.25
10802.00,62.00,49.30,5.00,0.25
10803.00,19.00,9.20,24.00,0.05
10803.00,25.00,14.00,15.00,0.05
10803.00,59.00,55.00,15.00,0.05
10804.00,10.00,31.00,36.00,0.00
10804.00,28.00,45.60,24.00,0.00
10804.00,49.00,20.00,4.00,0.15
10805.00,34.00,14.00,10.00,0.00
10805.00,38.00,263.50,10.00,0.00
10806.00,2.00,19.00,20.00,0.25
10806.00,65.00,21.05,2.00,0.00
10806.00,74.00,10.00,15.00,0.25
10807.00,40.00,18.40,1.00,0.00
10808.00,56.00,38.00,20.00,0.15
10808.00,76.00,18.00,50.00,0.15
10809.00,52.00,7.00,20.00,0.00
10810.00,13.00,6.00,7.00,0.00
10810.00,25.00,14.00,5.00,0.00
10810.00,70.00,15.00,5.00,0.00
10811.00,19.00,9.20,15.00,0.00
10811.00,23.00,9.00,18.00,0.00
10811.00,40.00,18.40,30.00,0.00
10812.00,31.00,12.50,16.00,0.10
10812.00,72.00,34.80,40.00,0.10
10812.00,77.00,13.00,20.00,0.00
10813.00,2.00,19.00,12.00,0.20
10813.00,46.00,12.00,35.00,0.00
10814.00,41.00,9.65,20.00,0.00
10814.00,43.00,46.00,20.00,0.15
10814.00,48.00,12.75,8.00,0.15
10814.00,61.00,28.50,30.00,0.15
10815.00,33.00,2.50,16.00,0.00
10816.00,38.00,263.50,30.00,0.05
10816.00,62.00,49.30,20.00,0.05
10817.00,26.00,31.23,40.00,0.15
10817.00,38.00,263.50,30.00,0.00
10817.00,40.00,18.40,60.00,0.15
10817.00,62.00,49.30,25.00,0.15
10818.00,32.00,32.00,20.00,0.00
10818.00,41.00,9.65,20.00,0.00
10819.00,43.00,46.00,7.00,0.00
10819.00,75.00,7.75,20.00,0.00
10820.00,56.00,38.00,30.00,0.00
10821.00,35.00,18.00,20.00,0.00
10821.00,51.00,53.00,6.00,0.00
10822.00,62.00,49.30,3.00,0.00
10822.00,70.00,15.00,6.00,0.00
10823.00,11.00,21.00,20.00,0.10
10823.00,57.00,19.50,15.00,0.00
10823.00,59.00,55.00,40.00,0.10
10823.00,77.00,13.00,15.00,0.10
10824.00,41.00,9.65,12.00,0.00
10824.00,70.00,15.00,9.00,0.00
10825.00,26.00,31.23,12.00,0.00
10825.00,53.00,32.80,20.00,0.00
10826.00,31.00,12.50,35.00,0.00
10826.00,57.00,19.50,15.00,0.00
10827.00,10.00,31.00,15.00,0.00
10827.00,39.00,18.00,21.00,0.00
10828.00,20.00,81.00,5.00,0.00
10828.00,38.00,263.50,2.00,0.00
10829.00,2.00,19.00,10.00,0.00
10829.00,8.00,40.00,20.00,0.00
10829.00,13.00,6.00,10.00,0.00
10829.00,60.00,34.00,21.00,0.00
10830.00,6.00,25.00,6.00,0.00
10830.00,39.00,18.00,28.00,0.00
10830.00,60.00,34.00,30.00,0.00
10830.00,68.00,12.50,24.00,0.00
10831.00,19.00,9.20,2.00,0.00
10831.00,35.00,18.00,8.00,0.00
10831.00,38.00,263.50,8.00,0.00
10831.00,43.00,46.00,9.00,0.00
10832.00,13.00,6.00,3.00,0.20
10832.00,25.00,14.00,10.00,0.20
10832.00,44.00,19.45,16.00,0.20
10832.00,64.00,33.25,3.00,0.00
10833.00,7.00,30.00,20.00,0.10
10833.00,31.00,12.50,9.00,0.10
10833.00,53.00,32.80,9.00,0.10
10834.00,29.00,123.79,8.00,0.05
10834.00,30.00,25.89,20.00,0.05
10835.00,59.00,55.00,15.00,0.00
10835.00,77.00,13.00,2.00,0.20
10836.00,22.00,21.00,52.00,0.00
10836.00,35.00,18.00,6.00,0.00
10836.00,57.00,19.50,24.00,0.00
10836.00,60.00,34.00,60.00,0.00
10836.00,64.00,33.25,30.00,0.00
10837.00,13.00,6.00,6.00,0.00
10837.00,40.00,18.40,25.00,0.00
10837.00,47.00,9.50,40.00,0.25
10837.00,76.00,18.00,21.00,0.25
10838.00,1.00,18.00,4.00,0.25
10838.00,18.00,62.50,25.00,0.25
10838.00,36.00,19.00,50.00,0.25
10839.00,58.00,13.25,30.00,0.10
10839.00,72.00,34.80,15.00,0.10
10840.00,25.00,14.00,6.00,0.20
10840.00,39.00,18.00,10.00,0.20
10841.00,10.00,31.00,16.00,0.00
10841.00,56.00,38.00,30.00,0.00
10841.00,59.00,55.00,50.00,0.00
10841.00,77.00,13.00,15.00,0.00
10842.00,11.00,21.00,15.00,0.00
10842.00,43.00,46.00,5.00,0.00
10842.00,68.00,12.50,20.00,0.00
10842.00,70.00,15.00,12.00,0.00
10843.00,51.00,53.00,4.00,0.25
10844.00,22.00,21.00,35.00,0.00
10845.00,23.00,9.00,70.00,0.10
10845.00,35.00,18.00,25.00,0.10
10845.00,42.00,14.00,42.00,0.10
10845.00,58.00,13.25,60.00,0.10
10845.00,64.00,33.25,48.00,0.00
10846.00,4.00,22.00,21.00,0.00
10846.00,70.00,15.00,30.00,0.00
10846.00,74.00,10.00,20.00,0.00
10847.00,1.00,18.00,80.00,0.20
10847.00,19.00,9.20,12.00,0.20
10847.00,37.00,26.00,60.00,0.20
10847.00,45.00,9.50,36.00,0.20
10847.00,60.00,34.00,45.00,0.20
10847.00,71.00,21.50,55.00,0.20
10848.00,5.00,21.35,30.00,0.00
10848.00,9.00,97.00,3.00,0.00
10849.00,3.00,10.00,49.00,0.00
10849.00,26.00,31.23,18.00,0.15
10850.00,25.00,14.00,20.00,0.15
10850.00,33.00,2.50,4.00,0.15
10850.00,70.00,15.00,30.00,0.15
10851.00,2.00,19.00,5.00,0.05
10851.00,25.00,14.00,10.00,0.05
10851.00,57.00,19.50,10.00,0.05
10851.00,59.00,55.00,42.00,0.05
10852.00,2.00,19.00,15.00,0.00
10852.00,17.00,39.00,6.00,0.00
10852.00,62.00,49.30,50.00,0.00
10853.00,18.00,62.50,10.00,0.00
10854.00,10.00,31.00,100.00,0.15
10854.00,13.00,6.00,65.00,0.15
10855.00,16.00,17.45,50.00,0.00
10855.00,31.00,12.50,14.00,0.00
10855.00,56.00,38.00,24.00,0.00
10855.00,65.00,21.05,15.00,0.15
10856.00,2.00,19.00,20.00,0.00
10856.00,42.00,14.00,20.00,0.00
10857.00,3.00,10.00,30.00,0.00
10857.00,26.00,31.23,35.00,0.25
10857.00,29.00,123.79,10.00,0.25
10858.00,7.00,30.00,5.00,0.00
10858.00,27.00,43.90,10.00,0.00
10858.00,70.00,15.00,4.00,0.00
10859.00,24.00,4.50,40.00,0.25
10859.00,54.00,7.45,35.00,0.25
10859.00,64.00,33.25,30.00,0.25
10860.00,51.00,53.00,3.00,0.00
10860.00,76.00,18.00,20.00,0.00
10861.00,17.00,39.00,42.00,0.00
10861.00,18.00,62.50,20.00,0.00
10861.00,21.00,10.00,40.00,0.00
10861.00,33.00,2.50,35.00,0.00
10861.00,62.00,49.30,3.00,0.00
10862.00,11.00,21.00,25.00,0.00
10862.00,52.00,7.00,8.00,0.00
10863.00,1.00,18.00,20.00,0.15
10863.00,58.00,13.25,12.00,0.15
10864.00,35.00,18.00,4.00,0.00
10864.00,67.00,14.00,15.00,0.00
10865.00,38.00,263.50,60.00,0.05
10865.00,39.00,18.00,80.00,0.05
10866.00,2.00,19.00,21.00,0.25
10866.00,24.00,4.50,6.00,0.25
10866.00,30.00,25.89,40.00,0.25
10867.00,53.00,32.80,3.00,0.00
10868.00,26.00,31.23,20.00,0.00
10868.00,35.00,18.00,30.00,0.00
10868.00,49.00,20.00,42.00,0.10
10869.00,1.00,18.00,40.00,0.00
10869.00,11.00,21.00,10.00,0.00
10869.00,23.00,9.00,50.00,0.00
10869.00,68.00,12.50,20.00,0.00
10870.00,35.00,18.00,3.00,0.00
10870.00,51.00,53.00,2.00,0.00
10871.00,6.00,25.00,50.00,0.05
10871.00,16.00,17.45,12.00,0.05
10871.00,17.00,39.00,16.00,0.05
10872.00,55.00,24.00,10.00,0.05
10872.00,62.00,49.30,20.00,0.05
10872.00,64.00,33.25,15.00,0.05
10872.00,65.00,21.05,21.00,0.05
10873.00,21.00,10.00,20.00,0.00
10873.00,28.00,45.60,3.00,0.00
10874.00,10.00,31.00,10.00,0.00
10875.00,19.00,9.20,25.00,0.00
10875.00,47.00,9.50,21.00,0.10
10875.00,49.00,20.00,15.00,0.00
10876.00,46.00,12.00,21.00,0.00
10876.00,64.00,33.25,20.00,0.00
10877.00,16.00,17.45,30.00,0.25
10877.00,18.00,62.50,25.00,0.00
10878.00,20.00,81.00,20.00,0.05
10879.00,40.00,18.40,12.00,0.00
10879.00,65.00,21.05,10.00,0.00
10879.00,76.00,18.00,10.00,0.00
10880.00,23.00,9.00,30.00,0.20
10880.00,61.00,28.50,30.00,0.20
10880.00,70.00,15.00,50.00,0.20
10881.00,73.00,15.00,10.00,0.00
10882.00,42.00,14.00,25.00,0.00
10882.00,49.00,20.00,20.00,0.15
10882.00,54.00,7.45,32.00,0.15
10883.00,24.00,4.50,8.00,0.00
10884.00,21.00,10.00,40.00,0.05
10884.00,56.00,38.00,21.00,0.05
10884.00,65.00,21.05,12.00,0.05
10885.00,2.00,19.00,20.00,0.00
10885.00,24.00,4.50,12.00,0.00
10885.00,70.00,15.00,30.00,0.00
10885.00,77.00,13.00,25.00,0.00
10886.00,10.00,31.00,70.00,0.00
10886.00,31.00,12.50,35.00,0.00
10886.00,77.00,13.00,40.00,0.00
10887.00,25.00,14.00,5.00,0.00
10888.00,2.00,19.00,20.00,0.00
10888.00,68.00,12.50,18.00,0.00
10889.00,11.00,21.00,40.00,0.00
10889.00,38.00,263.50,40.00,0.00
10890.00,17.00,39.00,15.00,0.00
10890.00,34.00,14.00,10.00,0.00
10890.00,41.00,9.65,14.00,0.00
10891.00,30.00,25.89,15.00,0.05
10892.00,59.00,55.00,40.00,0.05
10893.00,8.00,40.00,30.00,0.00
10893.00,24.00,4.50,10.00,0.00
10893.00,29.00,123.79,24.00,0.00
10893.00,30.00,25.89,35.00,0.00
10893.00,36.00,19.00,20.00,0.00
10894.00,13.00,6.00,28.00,0.05
10894.00,69.00,36.00,50.00,0.05
10894.00,75.00,7.75,120.00,0.05
10895.00,24.00,4.50,110.00,0.00
10895.00,39.00,18.00,45.00,0.00
10895.00,40.00,18.40,91.00,0.00
10895.00,60.00,34.00,100.00,0.00
10896.00,45.00,9.50,15.00,0.00
10896.00,56.00,38.00,16.00,0.00
10897.00,29.00,123.79,80.00,0.00
10897.00,30.00,25.89,36.00,0.00
10898.00,13.00,6.00,5.00,0.00
10899.00,39.00,18.00,8.00,0.15
10900.00,70.00,15.00,3.00,0.25
10901.00,41.00,9.65,30.00,0.00
10901.00,71.00,21.50,30.00,0.00
10902.00,55.00,24.00,30.00,0.15
10902.00,62.00,49.30,6.00,0.15
10903.00,13.00,6.00,40.00,0.00
10903.00,65.00,21.05,21.00,0.00
10903.00,68.00,12.50,20.00,0.00
10904.00,58.00,13.25,15.00,0.00
10904.00,62.00,49.30,35.00,0.00
10905.00,1.00,18.00,20.00,0.05
10906.00,61.00,28.50,15.00,0.00
10907.00,75.00,7.75,14.00,0.00
10908.00,7.00,30.00,20.00,0.05
10908.00,52.00,7.00,14.00,0.05
10909.00,7.00,30.00,12.00,0.00
10909.00,16.00,17.45,15.00,0.00
10909.00,41.00,9.65,5.00,0.00
10910.00,19.00,9.20,12.00,0.00
10910.00,49.00,20.00,10.00,0.00
10910.00,61.00,28.50,5.00,0.00
10911.00,1.00,18.00,10.00,0.00
10911.00,17.00,39.00,12.00,0.00
10911.00,67.00,14.00,15.00,0.00
10912.00,11.00,21.00,40.00,0.25
10912.00,29.00,123.79,60.00,0.25
10913.00,4.00,22.00,30.00,0.25
10913.00,33.00,2.50,40.00,0.25
10913.00,58.00,13.25,15.00,0.00
10914.00,71.00,21.50,25.00,0.00
10915.00,17.00,39.00,10.00,0.00
10915.00,33.00,2.50,30.00,0.00
10915.00,54.00,7.45,10.00,0.00
10916.00,16.00,17.45,6.00,0.00
10916.00,32.00,32.00,6.00,0.00
10916.00,57.00,19.50,20.00,0.00
10917.00,30.00,25.89,1.00,0.00
10917.00,60.00,34.00,10.00,0.00
10918.00,1.00,18.00,60.00,0.25
10918.00,60.00,34.00,25.00,0.25
10919.00,16.00,17.45,24.00,0.00
10919.00,25.00,14.00,24.00,0.00
10919.00,40.00,18.40,20.00,0.00
10920.00,50.00,16.25,24.00,0.00
10921.00,35.00,18.00,10.00,0.00
10921.00,63.00,43.90,40.00,0.00
10922.00,17.00,39.00,15.00,0.00
10922.00,24.00,4.50,35.00,0.00
10923.00,42.00,14.00,10.00,0.20
10923.00,43.00,46.00,10.00,0.20
10923.00,67.00,14.00,24.00,0.20
10924.00,10.00,31.00,20.00,0.10
10924.00,28.00,45.60,30.00,0.10
10924.00,75.00,7.75,6.00,0.00
10925.00,36.00,19.00,25.00,0.15
10925.00,52.00,7.00,12.00,0.15
10926.00,11.00,21.00,2.00,0.00
10926.00,13.00,6.00,10.00,0.00
10926.00,19.00,9.20,7.00,0.00
10926.00,72.00,34.80,10.00,0.00
10927.00,20.00,81.00,5.00,0.00
10927.00,52.00,7.00,5.00,0.00
10927.00,76.00,18.00,20.00,0.00
10928.00,47.00,9.50,5.00,0.00
10928.00,76.00,18.00,5.00,0.00
10929.00,21.00,10.00,60.00,0.00
10929.00,75.00,7.75,49.00,0.00
10929.00,77.00,13.00,15.00,0.00
10930.00,21.00,10.00,36.00,0.00
10930.00,27.00,43.90,25.00,0.00
10930.00,55.00,24.00,25.00,0.20
10930.00,58.00,13.25,30.00,0.20
10931.00,13.00,6.00,42.00,0.15
10931.00,57.00,19.50,30.00,0.00
10932.00,16.00,17.45,30.00,0.10
10932.00,62.00,49.30,14.00,0.10
10932.00,72.00,34.80,16.00,0.00
10932.00,75.00,7.75,20.00,0.10
10933.00,53.00,32.80,2.00,0.00
10933.00,61.00,28.50,30.00,0.00
10934.00,6.00,25.00,20.00,0.00
10935.00,1.00,18.00,21.00,0.00
10935.00,18.00,62.50,4.00,0.25
10935.00,23.00,9.00,8.00,0.25
10936.00,36.00,19.00,30.00,0.20
10937.00,28.00,45.60,8.00,0.00
10937.00,34.00,14.00,20.00,0.00
10938.00,13.00,6.00,20.00,0.25
10938.00,43.00,46.00,24.00,0.25
10938.00,60.00,34.00,49.00,0.25
10938.00,71.00,21.50,35.00,0.25
10939.00,2.00,19.00,10.00,0.15
10939.00,67.00,14.00,40.00,0.15
10940.00,7.00,30.00,8.00,0.00
10940.00,13.00,6.00,20.00,0.00
10941.00,31.00,12.50,44.00,0.25
10941.00,62.00,49.30,30.00,0.25
10941.00,68.00,12.50,80.00,0.25
10941.00,72.00,34.80,50.00,0.00
10942.00,49.00,20.00,28.00,0.00
10943.00,13.00,6.00,15.00,0.00
10943.00,22.00,21.00,21.00,0.00
10943.00,46.00,12.00,15.00,0.00
10944.00,11.00,21.00,5.00,0.25
10944.00,44.00,19.45,18.00,0.25
10944.00,56.00,38.00,18.00,0.00
10945.00,13.00,6.00,20.00,0.00
10945.00,31.00,12.50,10.00,0.00
10946.00,10.00,31.00,25.00,0.00
10946.00,24.00,4.50,25.00,0.00
10946.00,77.00,13.00,40.00,0.00
10947.00,59.00,55.00,4.00,0.00
10948.00,50.00,16.25,9.00,0.00
10948.00,51.00,53.00,40.00,0.00
10948.00,55.00,24.00,4.00,0.00
10949.00,6.00,25.00,12.00,0.00
10949.00,10.00,31.00,30.00,0.00
10949.00,17.00,39.00,6.00,0.00
10949.00,62.00,49.30,60.00,0.00
10950.00,4.00,22.00,5.00,0.00
10951.00,33.00,2.50,15.00,0.05
10951.00,41.00,9.65,6.00,0.05
10951.00,75.00,7.75,50.00,0.05
10952.00,6.00,25.00,16.00,0.05
10952.00,28.00,45.60,2.00,0.00
10953.00,20.00,81.00,50.00,0.05
10953.00,31.00,12.50,50.00,0.05
10954.00,16.00,17.45,28.00,0.15
10954.00,31.00,12.50,25.00,0.15
10954.00,45.00,9.50,30.00,0.00
10954.00,60.00,34.00,24.00,0.15
10955.00,75.00,7.75,12.00,0.20
10956.00,21.00,10.00,12.00,0.00
10956.00,47.00,9.50,14.00,0.00
10956.00,51.00,53.00,8.00,0.00
10957.00,30.00,25.89,30.00,0.00
10957.00,35.00,18.00,40.00,0.00
10957.00,64.00,33.25,8.00,0.00
10958.00,5.00,21.35,20.00,0.00
10958.00,7.00,30.00,6.00,0.00
10958.00,72.00,34.80,5.00,0.00
10959.00,75.00,7.75,20.00,0.15
10960.00,24.00,4.50,10.00,0.25
10960.00,41.00,9.65,24.00,0.00
10961.00,52.00,7.00,6.00,0.05
10961.00,76.00,18.00,60.00,0.00
10962.00,7.00,30.00,45.00,0.00
10962.00,13.00,6.00,77.00,0.00
10962.00,53.00,32.80,20.00,0.00
10962.00,69.00,36.00,9.00,0.00
10962.00,76.00,18.00,44.00,0.00
10963.00,60.00,34.00,2.00,0.15
10964.00,18.00,62.50,6.00,0.00
10964.00,38.00,263.50,5.00,0.00
10964.00,69.00,36.00,10.00,0.00
10965.00,51.00,53.00,16.00,0.00
10966.00,37.00,26.00,8.00,0.00
10966.00,56.00,38.00,12.00,0.15
10966.00,62.00,49.30,12.00,0.15
10967.00,19.00,9.20,12.00,0.00
10967.00,49.00,20.00,40.00,0.00
10968.00,12.00,38.00,30.00,0.00
10968.00,24.00,4.50,30.00,0.00
10968.00,64.00,33.25,4.00,0.00
10969.00,46.00,12.00,9.00,0.00
10970.00,52.00,7.00,40.00,0.20
10971.00,29.00,123.79,14.00,0.00
10972.00,17.00,39.00,6.00,0.00
10972.00,33.00,2.50,7.00,0.00
10973.00,26.00,31.23,5.00,0.00
10973.00,41.00,9.65,6.00,0.00
10973.00,75.00,7.75,10.00,0.00
10974.00,63.00,43.90,10.00,0.00
10975.00,8.00,40.00,16.00,0.00
10975.00,75.00,7.75,10.00,0.00
10976.00,28.00,45.60,20.00,0.00
10977.00,39.00,18.00,30.00,0.00
10977.00,47.00,9.50,30.00,0.00
10977.00,51.00,53.00,10.00,0.00
10977.00,63.00,43.90,20.00,0.00
10978.00,8.00,40.00,20.00,0.15
10978.00,21.00,10.00,40.00,0.15
10978.00,40.00,18.40,10.00,0.00
10978.00,44.00,19.45,6.00,0.15
10979.00,7.00,30.00,18.00,0.00
10979.00,12.00,38.00,20.00,0.00
10979.00,24.00,4.50,80.00,0.00
10979.00,27.00,43.90,30.00,0.00
10979.00,31.00,12.50,24.00,0.00
10979.00,63.00,43.90,35.00,0.00
10980.00,75.00,7.75,40.00,0.20
10981.00,38.00,263.50,60.00,0.00
10982.00,7.00,30.00,20.00,0.00
10982.00,43.00,46.00,9.00,0.00
10983.00,13.00,6.00,84.00,0.15
10983.00,57.00,19.50,15.00,0.00
10984.00,16.00,17.45,55.00,0.00
10984.00,24.00,4.50,20.00,0.00
10984.00,36.00,19.00,40.00,0.00
10985.00,16.00,17.45,36.00,0.10
10985.00,18.00,62.50,8.00,0.10
10985.00,32.00,32.00,35.00,0.10
10986.00,11.00,21.00,30.00,0.00
10986.00,20.00,81.00,15.00,0.00
10986.00,76.00,18.00,10.00,0.00
10986.00,77.00,13.00,15.00,0.00
10987.00,7.00,30.00,60.00,0.00
10987.00,43.00,46.00,6.00,0.00
10987.00,72.00,34.80,20.00,0.00
10988.00,7.00,30.00,60.00,0.00
10988.00,62.00,49.30,40.00,0.10
10989.00,6.00,25.00,40.00,0.00
10989.00,11.00,21.00,15.00,0.00
10989.00,41.00,9.65,4.00,0.00
10990.00,21.00,10.00,65.00,0.00
10990.00,34.00,14.00,60.00,0.15
10990.00,55.00,24.00,65.00,0.15
10990.00,61.00,28.50,66.00,0.15
10991.00,2.00,19.00,50.00,0.20
10991.00,70.00,15.00,20.00,0.20
10991.00,76.00,18.00,90.00,0.20
10992.00,72.00,34.80,2.00,0.00
10993.00,29.00,123.79,50.00,0.25
10993.00,41.00,9.65,35.00,0.25
10994.00,59.00,55.00,18.00,0.05
10995.00,51.00,53.00,20.00,0.00
10995.00,60.00,34.00,4.00,0.00
10996.00,42.00,14.00,40.00,0.00
10997.00,32.00,32.00,50.00,0.00
10997.00,46.00,12.00,20.00,0.25
10997.00,52.00,7.00,20.00,0.25
10998.00,24.00,4.50,12.00,0.00
10998.00,61.00,28.50,7.00,0.00
10998.00,74.00,10.00,20.00,0.00
10998.00,75.00,7.75,30.00,0.00
10999.00,41.00,9.65,20.00,0.05
10999.00,51.00,53.00,15.00,0.05
10999.00,77.00,13.00,21.00,0.05
11000.00,4.00,22.00,25.00,0.25
11000.00,24.00,4.50,30.00,0.25
11000.00,77.00,13.00,30.00,0.00
11001.00,7.00,30.00,60.00,0.00
11001.00,22.00,21.00,25.00,0.00
11001.00,46.00,12.00,25.00,0.00
11001.00,55.00,24.00,6.00,0.00
11002.00,13.00,6.00,56.00,0.00
11002.00,35.00,18.00,15.00,0.15
11002.00,42.00,14.00,24.00,0.15
11002.00,55.00,24.00,40.00,0.00
11003.00,1.00,18.00,4.00,0.00
11003.00,40.00,18.40,10.00,0.00
11003.00,52.00,7.00,10.00,0.00
11004.00,26.00,31.23,6.00,0.00
11004.00,76.00,18.00,6.00,0.00
11005.00,1.00,18.00,2.00,0.00
11005.00,59.00,55.00,10.00,0.00
11006.00,1.00,18.00,8.00,0.00
11006.00,29.00,123.79,2.00,0.25
11007.00,8.00,40.00,30.00,0.00
11007.00,29.00,123.79,10.00,0.00
11007.00,42.00,14.00,14.00,0.00
11008.00,28.00,45.60,70.00,0.05
11008.00,34.00,14.00,90.00,0.05
11008.00,71.00,21.50,21.00,0.00
11009.00,24.00,4.50,12.00,0.00
11009.00,36.00,19.00,18.00,0.25
11009.00,60.00,34.00,9.00,0.00
11010.00,7.00,30.00,20.00,0.00
11010.00,24.00,4.50,10.00,0.00
11011.00,58.00,13.25,40.00,0.05
11011.00,71.00,21.50,20.00,0.00
11012.00,19.00,9.20,50.00,0.05
11012.00,60.00,34.00,36.00,0.05
11012.00,71.00,21.50,60.00,0.05
11013.00,23.00,9.00,10.00,0.00
11013.00,42.00,14.00,4.00,0.00
11013.00,45.00,9.50,20.00,0.00
11013.00,68.00,12.50,2.00,0.00
11014.00,41.00,9.65,28.00,0.10
11015.00,30.00,25.89,15.00,0.00
11015.00,77.00,13.00,18.00,0.00
11016.00,31.00,12.50,15.00,0.00
11016.00,36.00,19.00,16.00,0.00
11017.00,3.00,10.00,25.00,0.00
11017.00,59.00,55.00,110.00,0.00
11017.00,70.00,15.00,30.00,0.00
11018.00,12.00,38.00,20.00,0.00
11018.00,18.00,62.50,10.00,0.00
11018.00,56.00,38.00,5.00,0.00
11019.00,46.00,12.00,3.00,0.00
11019.00,49.00,20.00,2.00,0.00
11020.00,10.00,31.00,24.00,0.15
11021.00,2.00,19.00,11.00,0.25
11021.00,20.00,81.00,15.00,0.00
11021.00,26.00,31.23,63.00,0.00
11021.00,51.00,53.00,44.00,0.25
11021.00,72.00,34.80,35.00,0.00
11022.00,19.00,9.20,35.00,0.00
11022.00,69.00,36.00,30.00,0.00
11023.00,7.00,30.00,4.00,0.00
11023.00,43.00,46.00,30.00,0.00
11024.00,26.00,31.23,12.00,0.00
11024.00,33.00,2.50,30.00,0.00
11024.00,65.00,21.05,21.00,0.00
11024.00,71.00,21.50,50.00,0.00
11025.00,1.00,18.00,10.00,0.10
11025.00,13.00,6.00,20.00,0.10
11026.00,18.00,62.50,8.00,0.00
11026.00,51.00,53.00,10.00,0.00
11027.00,24.00,4.50,30.00,0.25
11027.00,62.00,49.30,21.00,0.25
11028.00,55.00,24.00,35.00,0.00
11028.00,59.00,55.00,24.00,0.00
11029.00,56.00,38.00,20.00,0.00
11029.00,63.00,43.90,12.00,0.00
11030.00,2.00,19.00,100.00,0.25
11030.00,5.00,21.35,70.00,0.00
11030.00,29.00,123.79,60.00,0.25
11030.00,59.00,55.00,100.00,0.25
11031.00,1.00,18.00,45.00,0.00
11031.00,13.00,6.00,80.00,0.00
11031.00,24.00,4.50,21.00,0.00
11031.00,64.00,33.25,20.00,0.00
11031.00,71.00,21.50,16.00,0.00
11032.00,36.00,19.00,35.00,0.00
11032.00,38.00,263.50,25.00,0.00
11032.00,59.00,55.00,30.00,0.00
11033.00,53.00,32.80,70.00,0.10
11033.00,69.00,36.00,36.00,0.10
11034.00,21.00,10.00,15.00,0.10
11034.00,44.00,19.45,12.00,0.00
11034.00,61.00,28.50,6.00,0.00
11035.00,1.00,18.00,10.00,0.00
11035.00,35.00,18.00,60.00,0.00
11035.00,42.00,14.00,30.00,0.00
11035.00,54.00,7.45,10.00,0.00
11036.00,13.00,6.00,7.00,0.00
11036.00,59.00,55.00,30.00,0.00
11037.00,70.00,15.00,4.00,0.00
11038.00,40.00,18.40,5.00,0.20
11038.00,52.00,7.00,2.00,0.00
11038.00,71.00,21.50,30.00,0.00
11039.00,28.00,45.60,20.00,0.00
11039.00,35.00,18.00,24.00,0.00
11039.00,49.00,20.00,60.00,0.00
11039.00,57.00,19.50,28.00,0.00
11040.00,21.00,10.00,20.00,0.00
11041.00,2.00,19.00,30.00,0.20
11041.00,63.00,43.90,30.00,0.00
11042.00,44.00,19.45,15.00,0.00
11042.00,61.00,28.50,4.00,0.00
11043.00,11.00,21.00,10.00,0.00
11044.00,62.00,49.30,12.00,0.00
11045.00,33.00,2.50,15.00,0.00
11045.00,51.00,53.00,24.00,0.00
11046.00,12.00,38.00,20.00,0.05
11046.00,32.00,32.00,15.00,0.05
11046.00,35.00,18.00,18.00,0.05
11047.00,1.00,18.00,25.00,0.25
11047.00,5.00,21.35,30.00,0.25
11048.00,68.00,12.50,42.00,0.00
11049.00,2.00,19.00,10.00,0.20
11049.00,12.00,38.00,4.00,0.20
11050.00,76.00,18.00,50.00,0.10
11051.00,24.00,4.50,10.00,0.20
11052.00,43.00,46.00,30.00,0.20
11052.00,61.00,28.50,10.00,0.20
11053.00,18.00,62.50,35.00,0.20
11053.00,32.00,32.00,20.00,0.00
11053.00,64.00,33.25,25.00,0.20
11054.00,33.00,2.50,10.00,0.00
11054.00,67.00,14.00,20.00,0.00
11055.00,24.00,4.50,15.00,0.00
11055.00,25.00,14.00,15.00,0.00
11055.00,51.00,53.00,20.00,0.00
11055.00,57.00,19.50,20.00,0.00
11056.00,7.00,30.00,40.00,0.00
11056.00,55.00,24.00,35.00,0.00
11056.00,60.00,34.00,50.00,0.00
11057.00,70.00,15.00,3.00,0.00
11058.00,21.00,10.00,3.00,0.00
11058.00,60.00,34.00,21.00,0.00
11058.00,61.00,28.50,4.00,0.00
11059.00,13.00,6.00,30.00,0.00
11059.00,17.00,39.00,12.00,0.00
11059.00,60.00,34.00,35.00,0.00
11060.00,60.00,34.00,4.00,0.00
11060.00,77.00,13.00,10.00,0.00
11061.00,60.00,34.00,15.00,0.00
11062.00,53.00,32.80,10.00,0.20
11062.00,70.00,15.00,12.00,0.20
11063.00,34.00,14.00,30.00,0.00
11063.00,40.00,18.40,40.00,0.10
11063.00,41.00,9.65,30.00,0.10
11064.00,17.00,39.00,77.00,0.10
11064.00,41.00,9.65,12.00,0.00
11064.00,53.00,32.80,25.00,0.10
11064.00,55.00,24.00,4.00,0.10
11064.00,68.00,12.50,55.00,0.00
11065.00,30.00,25.89,4.00,0.25
11065.00,54.00,7.45,20.00,0.25
11066.00,16.00,17.45,3.00,0.00
11066.00,19.00,9.20,42.00,0.00
11066.00,34.00,14.00,35.00,0.00
11067.00,41.00,9.65,9.00,0.00
11068.00,28.00,45.60,8.00,0.15
11068.00,43.00,46.00,36.00,0.15
11068.00,77.00,13.00,28.00,0.15
11069.00,39.00,18.00,20.00,0.00
11070.00,1.00,18.00,40.00,0.15
11070.00,2.00,19.00,20.00,0.15
11070.00,16.00,17.45,30.00,0.15
11070.00,31.00,12.50,20.00,0.00
11071.00,7.00,30.00,15.00,0.05
11071.00,13.00,6.00,10.00,0.05
11072.00,2.00,19.00,8.00,0.00
11072.00,41.00,9.65,40.00,0.00
11072.00,50.00,16.25,22.00,0.00
11072.00,64.00,33.25,130.00,0.00
11073.00,11.00,21.00,10.00,0.00
11073.00,24.00,4.50,20.00,0.00
11074.00,16.00,17.45,14.00,0.05
11075.00,2.00,19.00,10.00,0.15
11075.00,46.00,12.00,30.00,0.15
11075.00,76.00,18.00,2.00,0.15
11076.00,6.00,25.00,20.00,0.25
11076.00,14.00,23.25,20.00,0.25
11076.00,19.00,9.20,10.00,0.25
11077.00,2.00,19.00,24.00,0.20
11077.00,3.00,10.00,4.00,0.00
11077.00,4.00,22.00,1.00,0.00
11077.00,6.00,25.00,1.00,0.02
11077.00,7.00,30.00,1.00,0.05
11077.00,8.00,40.00,2.00,0.10
11077.00,10.00,31.00,1.00,0.00
11077.00,12.00,38.00,2.00,0.05
11077.00,13.00,6.00,4.00,0.00
11077.00,14.00,23.25,1.00,0.03
11077.00,16.00,17.45,2.00,0.03
11077.00,20.00,81.00,1.00,0.04
11077.00,23.00,9.00,2.00,0.00
11077.00,32.00,32.00,1.00,0.00
11077.00,39.00,18.00,2.00,0.05
11077.00,41.00,9.65,3.00,0.00
11077.00,46.00,12.00,3.00,0.02
11077.00,52.00,7.00,2.00,0.00
11077.00,55.00,24.00,2.00,0.00
11077.00,60.00,34.00,2.00,0.06
11077.00,64.00,33.25,2.00,0.03
11077.00,66.00,17.00,1.00,0.00
11077.00,73.00,15.00,2.00,0.01
11077.00,75.00,7.75,4.00,0.00
11077.00,77.00,13.00,2.00,0.00
